,id,movie,year,imdb,metascore,votes,runtime,genres,storyPlot,director,actor1,actor2,actor3,actor4,actor1_as,actor2_as,actor3_as,actor4_as,actor1_pic,actor2_pic,actor3_pic,actor4_pic,director_link,actor1_link,actor2_link,actor3_link,actor4_link,links,small_posters,google_image1,google_image2,google_image3,google_image4,google_image5
0,0,Top Gun: Maverick,2022,8.6,78,158436,130,"Action, Drama            ","After more than thirty years of service as one of the Navy's top aviators, Pete Mitchell is where he belongs, pushing the envelope as a courageous test pilot and dodging the advancement in rank that would ground him.",Joseph Kosinski,Tom Cruise,Jennifer Connelly,Miles Teller,Val Kilmer,as Capt. Pete 'Maverick' Mitchell,as Penny Benjamin,as Lt. Bradley 'Rooster' Bradshaw,as Adm. Tom 'Iceman' Kazansky,"https://m.media-amazon.com/images/M/MV5BYTFlOTdjMjgtNmY0ZC00MDgxLThjNmEtZGIxZTQyZDdkMTRjXkEyXkFqcGdeQXVyMTkxNjUyNQ@@._V1_UY317_CR10,0,214,317_AL_.jpg","https://m.media-amazon.com/images/M/MV5BNWM0OTlhYmQtZWI0NS00NzM0LWE5YjItMWZmYzkzY2FmNTc2XkEyXkFqcGdeQXVyMTEyMjM2NDc2._V1_UX214_CR0,0,214,317_AL_.jpg","https://m.media-amazon.com/images/M/MV5BMTY2MzM2NzAxNF5BMl5BanBnXkFtZTgwMDIyMzg1NDE@._V1_UX214_CR0,0,214,317_AL_.jpg","https://m.media-amazon.com/images/M/MV5BMTk3ODIzMDA5Ml5BMl5BanBnXkFtZTcwNDY0NTU4Ng@@._V1_UY317_CR4,0,214,317_AL_.jpg",https://www.imdb.com/name/nm2676052/,https://www.imdb.com/name/nm0000129?ref_=tt_cl_t_1,https://www.imdb.com/name/nm0000124?ref_=tt_cl_t_2,https://www.imdb.com/name/nm1886602?ref_=tt_cl_t_3,https://www.imdb.com/name/nm0000174?ref_=tt_cl_t_4,https://imdb.com/title/tt1745960/,"https://m.media-amazon.com/images/M/MV5BMmIwZDMyYWUtNTU0ZS00ODJhLTg2ZmEtMTk5ZmYzODcxODYxXkEyXkFqcGdeQXVyMTEyMjM2NDc2._V1_UY209_CR0,0,140,209_AL_.jpg",https://encrypted-tbn0.gstatic.com/images?q=tbn:ANd9GcQMnEQKolhg4Vzu7bpvxuAHAT9znYcP3TtzhjSGn3QWvJ18qTjxPauepDMbmq8&s,https://encrypted-tbn0.gstatic.com/images?q=tbn:ANd9GcQ2AlpZZPGLQG1nR0WpqxrSo1BjUKY1yokThLtmIfUdQg0YLzlQk07EU7bupQ&s,https://encrypted-tbn0.gstatic.com/images?q=tbn:ANd9GcT7eaGOLceV6-Yuitc7zb8v5gU-T-sqEYwnVc2c4Yx9-u9HdFIqCILhIF-BXcA&s,https://encrypted-tbn0.gstatic.com/images?q=tbn:ANd9GcQyMKIfPeWlgP7JFrRFp1_SU2FLSDWWn4IWMIJQx95NTOsXqEOZQqKv-6zPkag&s,https://encrypted-tbn0.gstatic.com/images?q=tbn:ANd9GcQmjiypAk0Cezzh9_Naodgf1ySGUjn5FGqRc33ck_VpeZjVQ3yqO0p1SNdZPQ&s
1,1,Everything Everywhere All at Once,2022,8.3,81,113065,139,"Action, Adventure, Comedy            ","An aging Chinese immigrant is swept up in an insane adventure, where she alone can save the world by exploring other universes connecting with the lives she could have led.",Dan Kwan,Michelle Yeoh,Stephanie Hsu,Ke Huy Quan,James Hong,as Evelyn Wang,as Joy Wang,as Waymond Wang,as Gong Gong,"https://m.media-amazon.com/images/M/MV5BMTg0NTI0NDkzOF5BMl5BanBnXkFtZTcwMjYwMTIwNw@@._V1_UX214_CR0,0,214,317_AL_.jpg","https://m.media-amazon.com/images/M/MV5BNmMxMjI0ZGItYThmMi00YTM0LTg5M2QtNTQxOTdmM2I5NDg3XkEyXkFqcGdeQXVyNTU0MjY5MjE@._V1_UX214_CR0,0,214,317_AL_.jpg","https://m.media-amazon.com/images/M/MV5BMmMyN2MxMjQtNDFjYi00MTE3LTgwYTMtZmQzODUyZGUwYmExXkEyXkFqcGdeQXVyMTM5NDUxMTA@._V1_UX214_CR0,0,214,317_AL_.jpg","https://m.media-amazon.com/images/M/MV5BMjM0MTQxOTA4MF5BMl5BanBnXkFtZTgwODE1OTcyMjE@._V1_UY317_CR131,0,214,317_AL_.jpg",https://www.imdb.com/name/nm3453283/,https://www.imdb.com/name/nm0000706?ref_=tt_cl_t_1,https://www.imdb.com/name/nm3513533?ref_=tt_cl_t_2,https://www.imdb.com/name/nm0702841?ref_=tt_cl_t_3,https://www.imdb.com/name/nm0393222?ref_=tt_cl_t_4,https://imdb.com/title/tt6710474/,"https://m.media-amazon.com/images/M/MV5BYTdiOTIyZTQtNmQ1OS00NjZlLWIyMTgtYzk5Y2M3ZDVmMDk1XkEyXkFqcGdeQXVyMTAzMDg4NzU0._V1_UY209_CR2,0,140,209_AL_.jpg",https://encrypted-tbn0.gstatic.com/images?q=tbn:ANd9GcRAvPPKdELyj1O8SWWcX2GX8heLEtCUJZO11Y_vXcyyMMtge5nfsmtljITD1A&s,https://encrypted-tbn0.gstatic.com/images?q=tbn:ANd9GcR1kPDaq6x0StHW2uKudnnl_jrqKBShEFpU6aKm5NEyensUyTdmzIBzZNcyFQ&s,https://encrypted-tbn0.gstatic.com/images?q=tbn:ANd9GcQ-EnT08bZc4_CRtY-EPKb48rS6KEj9JnBZamLTmeFCWPHNdClGrY2G3hIbuQ&s,https://encrypted-tbn0.gstatic.com/images?q=tbn:ANd9GcT8hXoqnUJgwMx5eu3BmyQ63QdAXeujkzAWisbGOapTMOIIZS5oA6XJTt_Xlw&s,https://encrypted-tbn0.gstatic.com/images?q=tbn:ANd9GcTOH1Cw-GxBfQJd1iEgnLpLGR0oZ58yVMaA97GvVUPNKHSmpCrAe3WJWzP29Q&s
2,2,The Batman,2022,7.9,72,511352,176,"Action, Crime, Drama            ","When a sadistic serial killer begins murdering key political figures in Gotham, Batman is forced to investigate the city's hidden corruption and question his family's involvement.",Matt Reeves,Robert Pattinson,Zoë Kravitz,Jeffrey Wright,Colin Farrell,as Bruce Wayne,as Selina Kyle,as Lt. James Gordon,as Oz,"https://m.media-amazon.com/images/M/MV5BNzk0MDQ5OTUxMV5BMl5BanBnXkFtZTcwMDM5ODk5Mg@@._V1_UY317_CR12,0,214,317_AL_.jpg","https://m.media-amazon.com/images/M/MV5BM2NmMWViOTYtOGJhYi00MzU2LWI5ODYtOGJhYzhkMWViODY5XkEyXkFqcGdeQXVyNjk2NTA3MTc@._V1_UX214_CR0,0,214,317_AL_.jpg","https://m.media-amazon.com/images/M/MV5BMjI1NDYyNzk4OV5BMl5BanBnXkFtZTgwNDAyMzI1MDI@._V1_UY317_CR131,0,214,317_AL_.jpg","https://m.media-amazon.com/images/M/MV5BMTg4NzM5NDk0MV5BMl5BanBnXkFtZTcwNzAzMTUxNw@@._V1_UY317_CR3,0,214,317_AL_.jpg",https://www.imdb.com/name/nm0716257/,https://www.imdb.com/name/nm1500155?ref_=tt_cl_t_1,https://www.imdb.com/name/nm2368789?ref_=tt_cl_t_2,https://www.imdb.com/name/nm0942482?ref_=tt_cl_t_3,https://www.imdb.com/name/nm0268199?ref_=tt_cl_t_4,https://imdb.com/title/tt1877830/,"https://m.media-amazon.com/images/M/MV5BMDdmMTBiNTYtMDIzNi00NGVlLWIzMDYtZTk3MTQ3NGQxZGEwXkEyXkFqcGdeQXVyMzMwOTU5MDk@._V1_UY209_CR0,0,140,209_AL_.jpg",https://encrypted-tbn0.gstatic.com/images?q=tbn:ANd9GcRZ4KqjFgtRUMR-t60yMhAZ_U8GUf8CQqzTY1HHhzWaD9O_fn8p9Kc8SHH9zw&s,https://encrypted-tbn0.gstatic.com/images?q=tbn:ANd9GcRlbrP1IyAH7ZsVfd-526MSu1lSvnt7LLw9JPa2ScjmPZMkgOfXHGou5plogDg&s,https://encrypted-tbn0.gstatic.com/images?q=tbn:ANd9GcSd2PS74__eSQYqCQYemF_dZa8C3KScmR7UqOSC126I6pvMIZnLju0umVlRNQ&s,https://encrypted-tbn0.gstatic.com/images?q=tbn:ANd9GcROPxZG3EQmGAmGT_QkrZz5ohsA31dhCK3ovpz_pe97sHAIDVOOqeIiwEM0bg&s,https://encrypted-tbn0.gstatic.com/images?q=tbn:ANd9GcR9tJ5vCrBr8KwPzdD-nJNLfQZJLn6266FKB-j0waTNygZrqT-Tyo73zpaM1YE&s
3,3,Hustle,2022,7.4,68,34874,117,"Comedy, Drama, Sport            ",A basketball scout discovers a phenomenal street ball player while in Spain and sees the prospect as his opportunity to get back into the NBA.,Jeremiah Zagar,Adam Sandler,Queen Latifah,Juancho Hernangomez,Ben Foster,as Stanley Sugerman,as Teresa Sugerman,as Bo Cruz,as Vince Merrick,"https://m.media-amazon.com/images/M/MV5BMjQyNzM2MjM1Ml5BMl5BanBnXkFtZTcwMDE5NjI3Mg@@._V1_UY317_CR7,0,214,317_AL_.jpg","https://m.media-amazon.com/images/M/MV5BMjAwNjkxNzkyMF5BMl5BanBnXkFtZTcwNTQ1MTMyMw@@._V1_UY317_CR7,0,214,317_AL_.jpg","https://m.media-amazon.com/images/M/MV5BMzg3ZGM4ZmItZmMzZi00ZDk3LWJiYjItNTgzMzAzN2EwNmMwXkEyXkFqcGdeQXVyNjUxMjc1OTM@._V1_UY317_CR29,0,214,317_AL_.jpg","https://m.media-amazon.com/images/M/MV5BMjQ0MzI2MTExMl5BMl5BanBnXkFtZTgwNjM4NjI0NjM@._V1_UY317_CR13,0,214,317_AL_.jpg",https://www.imdb.com/name/nm1476102/,https://www.imdb.com/name/nm0001191?ref_=tt_cl_t_1,https://www.imdb.com/name/nm0001451?ref_=tt_cl_t_2,https://www.imdb.com/name/nm12373736?ref_=tt_cl_t_3,https://www.imdb.com/name/nm0004936?ref_=tt_cl_t_4,https://imdb.com/title/tt8009428/,"https://m.media-amazon.com/images/M/MV5BYjdhYTE3NjMtZjI3OC00NzVlLWFiNTUtNzQ3NDNiNTI3NDg4XkEyXkFqcGdeQXVyMTEyMjM2NDc2._V1_UY209_CR0,0,140,209_AL_.jpg",https://encrypted-tbn0.gstatic.com/images?q=tbn:ANd9GcShIfS-OA2ADjJ-mgIuSpfGnB4Fl6CmUg9fST8rXpIScJ3Rc4nWaIsUlWPYVzA&s,https://encrypted-tbn0.gstatic.com/images?q=tbn:ANd9GcTWnKtoq5W-14otZQ2XPIAOqglUjSVI7GLePzGsB9zNox4n8FIQiKFtnYV-OQ&s,https://encrypted-tbn0.gstatic.com/images?q=tbn:ANd9GcQSM2w1e3fP5q6u84l5Spv-GI9255RKEdLMPiY7GPg4G4ldebWf9_f4C4eAhLA&s,https://encrypted-tbn0.gstatic.com/images?q=tbn:ANd9GcQEgxkI-ACa4YlIyvuAVkyn7eXqpcKrZZsenqKUxQWBwd1QejFQQq5Og-F0194&s,https://encrypted-tbn0.gstatic.com/images?q=tbn:ANd9GcQ507vbBJAdchHiiHSFMFJe3IAbBPvHRe8-_gZjUWX6zj04LFClreQYrD0XGA&s
4,4,The Northman,2022,7.3,82,121207,137,"Action, Adventure, Drama            ","From visionary director Robert Eggers comes The Northman, an action-filled epic that follows a young Viking prince on his quest to avenge his father's murder.",Robert Eggers,Alexander Skarsgård,Nicole Kidman,Claes Bang,Ethan Hawke,as Amleth,as Queen Gudrún,as Fjölnir The Brotherless,as King Aurvandil War-Raven,"https://m.media-amazon.com/images/M/MV5BMTY1MjQxNjEzOF5BMl5BanBnXkFtZTgwMTU5ODM2ODE@._V1_UX214_CR0,0,214,317_AL_.jpg","https://m.media-amazon.com/images/M/MV5BMTk1MjM5NDg4MF5BMl5BanBnXkFtZTcwNDg1OTQ4Nw@@._V1_UY317_CR10,0,214,317_AL_.jpg","https://m.media-amazon.com/images/M/MV5BMjMzNzY1NTUwOF5BMl5BanBnXkFtZTcwMTIwMTc5OQ@@._V1_UY317_CR0,0,214,317_AL_.jpg","https://m.media-amazon.com/images/M/MV5BMTk4NDMxMTI0MF5BMl5BanBnXkFtZTYwMjE3ODE0._V1_UY317_CR5,0,214,317_AL_.jpg",https://www.imdb.com/name/nm3211470/,https://www.imdb.com/name/nm0002907?ref_=tt_cl_t_1,https://www.imdb.com/name/nm0000173?ref_=tt_cl_t_2,https://www.imdb.com/name/nm0051903?ref_=tt_cl_t_3,https://www.imdb.com/name/nm0000160?ref_=tt_cl_t_4,https://imdb.com/title/tt11138512/,"https://m.media-amazon.com/images/M/MV5BMzVlMmY2NTctODgwOC00NDMzLWEzMWYtM2RiYmIyNTNhMTI0XkEyXkFqcGdeQXVyNTAzNzgwNTg@._V1_UY209_CR0,0,140,209_AL_.jpg",https://encrypted-tbn0.gstatic.com/images?q=tbn:ANd9GcR3SywbqP0-IJn2EnnMC2XbNR1ekBzaeaiDQsOHzngU5scRfeE__apKJ9zpyN8&s,https://encrypted-tbn0.gstatic.com/images?q=tbn:ANd9GcQ_Cf2lTzkAT0DowxiqAbuOpfx46I4O2xufujlgotIrtFAZzEEdb825BLkUbJ4&s,https://encrypted-tbn0.gstatic.com/images?q=tbn:ANd9GcQt3X2oM7xVpNdOsMSfG_i9S76LpNHgAgwzBptW-a_ISAHvHUwvuT8V1bbcPng&s,https://encrypted-tbn0.gstatic.com/images?q=tbn:ANd9GcSWuAh62ettMMlJg_s0UPleHoC0j913LqeqjzVQfc5k-KZfBS3Vr8ZPbP3hgA&s,https://encrypted-tbn0.gstatic.com/images?q=tbn:ANd9GcTbe2oM7wY0jWJgIJvqGV0Ew2I0wB2e333CkJQjNgsUolVwCFyPYcZul6iLPzQ&s
5,5,Doctor Strange in the Multiverse of Madness,2022,7.3,60,205637,126,"Action, Adventure, Fantasy            ","Doctor Strange teams up with a mysterious teenage girl from his dreams who can travel across multiverses, to battle multiple threats, including other-universe versions of himself, which threaten to wipe out millions across the multiverse. They seek help from Wanda the Scarlet Witch, Wong and others.",Sam Raimi,Benedict Cumberbatch,Elizabeth Olsen,Chiwetel Ejiofor,Benedict Wong,as Doctor Stephen Strange,as Wanda Maximoff,as Baron Mordo,as Wong,"https://m.media-amazon.com/images/M/MV5BMjE0MDkzMDQwOF5BMl5BanBnXkFtZTgwOTE1Mjg1MzE@._V1_UY317_CR2,0,214,317_AL_.jpg","https://m.media-amazon.com/images/M/MV5BMjEzMjA0ODk1OF5BMl5BanBnXkFtZTcwMTA4ODM3OQ@@._V1_UY317_CR6,0,214,317_AL_.jpg","https://m.media-amazon.com/images/M/MV5BNzA5MDEyMTY3Nl5BMl5BanBnXkFtZTgwODQ0MjcxMDE@._V1_UY317_CR6,0,214,317_AL_.jpg","https://m.media-amazon.com/images/M/MV5BMDMxOGExNWItYjM4YS00ZDJhLWJiM2UtMTViYjhhNTM4OGYxXkEyXkFqcGdeQXVyMTgyMzY5MTk@._V1_UY317_CR12,0,214,317_AL_.jpg",https://www.imdb.com/name/nm0000600/,https://www.imdb.com/name/nm1212722?ref_=tt_cl_t_1,https://www.imdb.com/name/nm0647634?ref_=tt_cl_t_2,https://www.imdb.com/name/nm0252230?ref_=tt_cl_t_3,https://www.imdb.com/name/nm0938950?ref_=tt_cl_t_4,https://imdb.com/title/tt9419884/,"https://m.media-amazon.com/images/M/MV5BNWM0ZGJlMzMtZmYwMi00NzI3LTgzMzMtNjMzNjliNDRmZmFlXkEyXkFqcGdeQXVyMTM1MTE1NDMx._V1_UY209_CR0,0,140,209_AL_.jpg",https://encrypted-tbn0.gstatic.com/images?q=tbn:ANd9GcS3yU0h6X7BUzvqH4thj2SEvo2IawSNomVA3dg9lnk9CaSL2DVHpNo6T0pVkDs&s,https://encrypted-tbn0.gstatic.com/images?q=tbn:ANd9GcS72RfJUkOmXMOduQq6JHUysw6BgYoGQ51TDMN6SnqfhIxyEWl0jRjjCH9oOA&s,https://encrypted-tbn0.gstatic.com/images?q=tbn:ANd9GcS3oEFL0lRtm_WD1CAOXeu73fQ40D9eQwhzXzvgwYztscqkshl3gfxnxFN7iQ&s,https://encrypted-tbn0.gstatic.com/images?q=tbn:ANd9GcRtMl6ID8ydn2m1MjrUlw4sOJb1RocG3sQlADu7wt5a805zwZGbuuviMXEPNQ&s,https://encrypted-tbn0.gstatic.com/images?q=tbn:ANd9GcRnnC-UgNml7H6LusuxBVHFaAf2mBzWEcj_9gShJIgeyMy6Mp6VPw4Bb6z7vw&s
6,6,Apollo 10 1/2: A Space Age Adventure,2022,7.3,79,6213,97,"Animation, Adventure, Drama            ","A coming-of-age story set in the suburbs of Houston, Texas in the summer of 1969, centered around the historic Apollo 11 moon landing.",Richard Linklater,Milo Coy,Jack Black,Lee Eddy,Bill Wise,as Stan,as Grown Up Stan,as Mom,as Dad,"https://m.media-amazon.com/images/M/MV5BY2NlZjhhNGEtZmY2YS00MGM3LTk0YmYtZGMzOGMzM2FjYjQzXkEyXkFqcGdeQXVyMTUxMzQwOTIx._V1_UY317_CR104,0,214,317_AL_.jpg","https://m.media-amazon.com/images/M/MV5BYTFiMWNlNmItMDRiYy00NzA4LWE5YjItZmViNWQ2NzhhOWZlXkEyXkFqcGdeQXVyMTA2Mjc5ODMy._V1_UY317_CR16,0,214,317_AL_.jpg","https://m.media-amazon.com/images/M/MV5BMzgxMmFhMTgtYWE4ZS00ZGEzLWEwNjYtYzM1ODQyODQ0ZjBlXkEyXkFqcGdeQXVyNjEyNDMwMDM@._V1_UX214_CR0,0,214,317_AL_.jpg",,https://www.imdb.com/name/nm0000500/,https://www.imdb.com/name/nm11742345?ref_=tt_cl_t_1,https://www.imdb.com/name/nm0085312?ref_=tt_cl_t_2,https://www.imdb.com/name/nm1563349?ref_=tt_cl_t_3,https://www.imdb.com/name/nm0936315?ref_=tt_cl_t_4,https://imdb.com/title/tt7978758/,"https://m.media-amazon.com/images/M/MV5BMGZiYjgxNzMtMWJhNS00NGE4LTk4MDAtM2MwNzA3MTc5YTU2XkEyXkFqcGdeQXVyMTEzMTI1Mjk3._V1_UY209_CR0,0,140,209_AL_.jpg",https://encrypted-tbn0.gstatic.com/images?q=tbn:ANd9GcQEsH7lhsQm5lncEpnl5pfYe4Bijb77JSVaOlO0URn2qJtL4hoiITvQSeImHA&s,https://encrypted-tbn0.gstatic.com/images?q=tbn:ANd9GcQV_WElP0ujG6dPS2MUrT8uBYJnDXsXZlgeuW7ORLDy3dWLPV5Z4-EPPSRIFeo&s,https://encrypted-tbn0.gstatic.com/images?q=tbn:ANd9GcTrh5hVjds6mPgB6XwFQGO_L8T8aXP10W77GJ12BZ4ztKCzb802rLAIV8tZjw&s,https://encrypted-tbn0.gstatic.com/images?q=tbn:ANd9GcSDlhO1yPvhQylKtiOUktk8C6oEx9UCd0T0eKNgdGPeV7gdRzFItuSJ2V4LQw&s,https://encrypted-tbn0.gstatic.com/images?q=tbn:ANd9GcSpUn_VBQmnIkOz3BUD-wQL1TTUt4w8JTXWBFFkxhrsBuGqgEWDXYKl9AvOaHI&s
7,7,The Unbearable Weight of Massive Talent,2022,7.2,68,35347,107,"Action, Comedy, Crime            ","In this action-packed comedy, Nicolas Cage plays Nick Cage, channeling his iconic characters as he's caught between a superfan (Pedro Pascal) and a CIA agent (Tiffany Haddish).",Tom Gormican,Nicolas Cage,Pedro Pascal,Tiffany Haddish,Sharon Horgan,as Nick Cage,as Javi Gutierrez,as Vivian,as Olivia,"https://m.media-amazon.com/images/M/MV5BMjUxMjE4MTQxMF5BMl5BanBnXkFtZTcwNzc2MDM1NA@@._V1_UY317_CR9,0,214,317_AL_.jpg","https://m.media-amazon.com/images/M/MV5BYzQ5Yzg1NzktMDcxNC00ZDc1LWJlMjEtNTg2ZjRlOTk4ZDNjXkEyXkFqcGdeQXVyODk4OTc3MTY@._V1_UY317_CR5,0,214,317_AL_.jpg","https://m.media-amazon.com/images/M/MV5BMjE1NjcxMjIwMl5BMl5BanBnXkFtZTgwOTE3NjIwMzI@._V1_UY317_CR26,0,214,317_AL_.jpg","https://m.media-amazon.com/images/M/MV5BMGZmNTI5ZGEtYWVkNi00NWFlLThlMmItOTE3N2ZiMGU3YzAzXkEyXkFqcGdeQXVyNjA3Nzc1NTc@._V1_UY317_CR41,0,214,317_AL_.jpg",https://www.imdb.com/name/nm3230448/,https://www.imdb.com/name/nm0000115?ref_=tt_cl_t_1,https://www.imdb.com/name/nm0050959?ref_=tt_cl_t_2,https://www.imdb.com/name/nm1840504?ref_=tt_cl_t_3,https://www.imdb.com/name/nm1279721?ref_=tt_cl_t_4,https://imdb.com/title/tt11291274/,"https://m.media-amazon.com/images/M/MV5BNDM2ODNiMWItOWRkNS00ODE3LWE2OGYtNTZkMDJkOWI1ODMxXkEyXkFqcGdeQXVyMjMxOTE0ODA@._V1_UY209_CR0,0,140,209_AL_.jpg",https://encrypted-tbn0.gstatic.com/images?q=tbn:ANd9GcQSVfK_y94ecUtJI0pnN1sQHitxGwCrkdvJe6LRaqMjtAizVCuQfaNBtQqTug&s,https://encrypted-tbn0.gstatic.com/images?q=tbn:ANd9GcQt5jIfmhrGJXo96ltv0pMsBoK-4c_7hC1A5t6W-yGoy6iinFZtZPykeiPXo9c&s,https://encrypted-tbn0.gstatic.com/images?q=tbn:ANd9GcRL2BrXLUXiGmKN3G-4pT8SdPXQTx97YIQGfOcYe7VZZsc67QYLxAIlae2tZFI&s,https://encrypted-tbn0.gstatic.com/images?q=tbn:ANd9GcSb7ra5M2Y8iSUjpepevNPVombbEgFgG8nD8oXP1lUg9v5dvwfjF0q-x2n0WQ&s,https://encrypted-tbn0.gstatic.com/images?q=tbn:ANd9GcTwQ4p_hbBpJ6L_D1bfcCnGzSo2_QbEIhd2iDZ4cY8BPe4VYU6xBcoeBFrA6A&s
8,8,Chip 'n Dale: Rescue Rangers,2022,7.0,66,27091,97,"Animation, Adventure, Comedy            ","Thirty years after their popular television show ended, chipmunks Chip and Dale live very different lives. When a cast member from the original series mysteriously disappears, the pair must reunite to save their friend.",Akiva Schaffer,Andy Samberg,John Mulaney,KiKi Layne,Will Arnett,as Dale,as Chip,as Ellie,as Sweet Pete,"https://m.media-amazon.com/images/M/MV5BNDg3NDk3ODI0Ml5BMl5BanBnXkFtZTgwOTE3MTE4NTM@._V1_UY317_CR7,0,214,317_AL_.jpg","https://m.media-amazon.com/images/M/MV5BMTcyNjU3MjE3MF5BMl5BanBnXkFtZTgwNDk5MzIyMTE@._V1_UY317_CR6,0,214,317_AL_.jpg","https://m.media-amazon.com/images/M/MV5BODcyNDM5ODM3OF5BMl5BanBnXkFtZTgwNzkxNjA1NzM@._V1_UY317_CR109,0,214,317_AL_.jpg","https://m.media-amazon.com/images/M/MV5BZTgxNDdlYjAtNGQzZC00ODJlLTliYjYtYTk0ZDE4YTBmYmM0XkEyXkFqcGdeQXVyNDc1NDA0NA@@._V1_UY317_CR15,0,214,317_AL_.jpg",https://www.imdb.com/name/nm1676223/,https://www.imdb.com/name/nm1676221?ref_=tt_cl_t_1,https://www.imdb.com/name/nm1825214?ref_=tt_cl_t_2,https://www.imdb.com/name/nm8460487?ref_=tt_cl_t_3,https://www.imdb.com/name/nm0004715?ref_=tt_cl_t_4,https://imdb.com/title/tt3513500/,"https://m.media-amazon.com/images/M/MV5BZjBlMjIxN2ItNTMyNi00NDk5LWFhMzEtNzdiODE0Y2M4MWI2XkEyXkFqcGdeQXVyMTM1MTE1NDMx._V1_UY209_CR1,0,140,209_AL_.jpg",https://encrypted-tbn0.gstatic.com/images?q=tbn:ANd9GcSCH_FHz8dV8A23gMoAy2puuyAu2j2MStpRQ-dr_kv8wuWK3MOfeLLfh1xvZv4&s,https://encrypted-tbn0.gstatic.com/images?q=tbn:ANd9GcT0zy6dveRywxJWNhYsuYvN76UO3E6gGuyeYOVMU8JlWuN19-nIa5OSFcoSlrw&s,https://encrypted-tbn0.gstatic.com/images?q=tbn:ANd9GcSLuxu1JO379aOhv3KL0cG7tsKelzL8TsHKMAqXrWssyiEC_oLor58N1IxWrw&s,https://encrypted-tbn0.gstatic.com/images?q=tbn:ANd9GcTMaceedmtho1U5AQypBBxCGKGK0Ld5pV_mMCCAU8UqGzz_EeSleYni4BkF_Q&s,https://encrypted-tbn0.gstatic.com/images?q=tbn:ANd9GcTV9WiUBdXBKVMX5rYxQORlmadVVTKCraqxjDn9a5zZmt-zKME_weuSYSduoYI&s
9,9,Turning Red,2022,7.0,83,99818,100,"Animation, Adventure, Comedy            ",A 13-year-old girl named Meilin turns into a giant red panda whenever she gets too excited.,Domee Shi,Rosalie Chiang,Sandra Oh,Ava Morse,Hyein Park,as Meilin,as Ming,as Miriam,as Abby,"https://m.media-amazon.com/images/M/MV5BNjg5ZjU0YmEtOGQzMS00ZDYyLWIwZDQtMGUyNDk1MjQ4MTQ5XkEyXkFqcGdeQXVyODQ3ODgzNDg@._V1_UX214_CR0,0,214,317_AL_.jpg","https://m.media-amazon.com/images/M/MV5BMTMyNzYyNDE4MV5BMl5BanBnXkFtZTcwOTkxMDQ2NA@@._V1_UY317_CR11,0,214,317_AL_.jpg","https://m.media-amazon.com/images/M/MV5BZDQ5NjY5OTAtMDI4Yy00YWQ4LWFiYTAtMTNlYTA3YzEyMDFhXkEyXkFqcGdeQXVyNDk5MzY1MzA@._V1_UY317_CR52,0,214,317_AL_.jpg",,https://www.imdb.com/name/nm7626019/,https://www.imdb.com/name/nm8823152?ref_=tt_cl_t_1,https://www.imdb.com/name/nm0644897?ref_=tt_cl_t_2,https://www.imdb.com/name/nm6205098?ref_=tt_cl_t_3,https://www.imdb.com/name/nm7490724?ref_=tt_cl_t_4,https://imdb.com/title/tt8097030/,"https://m.media-amazon.com/images/M/MV5BOWYxZDMxYWUtNjNiZC00MDE1LWI2Y2QtNWZhNDAyMGY5ZjVhXkEyXkFqcGdeQXVyODE5NzE3OTE@._V1_UY209_CR0,0,140,209_AL_.jpg",https://encrypted-tbn0.gstatic.com/images?q=tbn:ANd9GcTj7RM2qJCJbHHoSSX5elwnGDafBYvem64yq44TIoi5n-h2GH3hrAhN7bN7yQ8&s,https://encrypted-tbn0.gstatic.com/images?q=tbn:ANd9GcT13IE-07sPEfUCH3_zmc9peLRg32yy-ZN_9mWtCrHnfXmgUFdct2d84bVd1g&s,https://encrypted-tbn0.gstatic.com/images?q=tbn:ANd9GcR42UFsm5CqArLnT3DSQ-2EeeUgYUGoaXUy9KI56Ta1FnYSRuSsN8J6kFVcE3w&s,https://encrypted-tbn0.gstatic.com/images?q=tbn:ANd9GcSYzEKNEAU17p7J0pWwH5sY88ESPK9gdp_56-jQLYRGF9uHZ1XqRf26TRPyq2U&s,https://encrypted-tbn0.gstatic.com/images?q=tbn:ANd9GcQiPCtvgXRLF4G7-4PQSt_Gi3ywjD0FZ_8iNmi6W1Q0XaS-ZQ9kNYdPO6oMKA&s
10,10,Armageddon Time,2022,7.0,74,162,115,Drama            ,A coming-of-age story about growing up in Queens in the 1980s.,James Gray,Jessica Chastain,Anne Hathaway,Anthony Hopkins,Jeremy Strong,as Maryanne Trump,as Esther Graff,as Aaron Graff,as Irving Graff,"https://m.media-amazon.com/images/M/MV5BMTU1MDM5NjczOF5BMl5BanBnXkFtZTcwOTY2MDE4OA@@._V1_UX214_CR0,0,214,317_AL_.jpg","https://m.media-amazon.com/images/M/MV5BMTRhNzQ3NGMtZmQ1Mi00ZTViLTk3OTgtOTk0YzE2YTgwMmFjXkEyXkFqcGdeQXVyNzg5MzIyOA@@._V1_UY317_CR20,0,214,317_AL_.jpg","https://m.media-amazon.com/images/M/MV5BMTg5ODk1NTc5Ml5BMl5BanBnXkFtZTYwMjAwOTI4._V1_UY317_CR6,0,214,317_AL_.jpg","https://m.media-amazon.com/images/M/MV5BYjM4M2M5MjAtMTg1MC00MjczLWI5NmQtZTI0MjJiODMyYTZlXkEyXkFqcGdeQXVyMjQwMDg0Ng@@._V1_UY317_CR6,0,214,317_AL_.jpg",https://www.imdb.com/name/nm0336695/,https://www.imdb.com/name/nm1567113?ref_=tt_cl_t_1,https://www.imdb.com/name/nm0004266?ref_=tt_cl_t_2,https://www.imdb.com/name/nm0000164?ref_=tt_cl_t_3,https://www.imdb.com/name/nm0834989?ref_=tt_cl_t_4,https://imdb.com/title/tt10343028/,"https://m.media-amazon.com/images/M/MV5BYTNhMmFjMjktY2I1OS00MzZhLWJiMzktODViMjFiMjcyMDhkXkEyXkFqcGdeQXVyNjk1Njg5NTA@._V1_UY209_CR179,0,140,209_AL_.jpg",https://encrypted-tbn0.gstatic.com/images?q=tbn:ANd9GcQj6huv4XIR84nQsNDs4FjYY11_rfONCp48cVP9DpoJ6ZG4YPHbjnsvfJEIiNI&s,https://encrypted-tbn0.gstatic.com/images?q=tbn:ANd9GcQ87w1BXHs5WIGEuEJTNekYHK8kAlApILuKtN4FAQpoqKAWsBrLVmV1VTzFHw&s,https://encrypted-tbn0.gstatic.com/images?q=tbn:ANd9GcQYwVUUZmaaWPSAS5hSkNqfd84hYwymJCDYecnEAuBIkT0X1sV6kWqPNMq1Vto&s,https://encrypted-tbn0.gstatic.com/images?q=tbn:ANd9GcS0JbVIuuWEKg08CDCcfoMDTuSk24Y96cCsQQcs3gq7cpJta4C-ZncoSxndFw&s,https://encrypted-tbn0.gstatic.com/images?q=tbn:ANd9GcRN8fFRje-6fFbT0C7mYcL3qNH3NSvy4gPjyXtoHSVp_g7XYmRXA2jiUYecXQ&s
11,11,The Bad Guys,2022,6.9,64,21081,100,"Animation, Adventure, Comedy            ","Several reformed yet misunderstood criminal animals attempt to become good, with some disastrous results along the way.",Pierre Perifel,Sam Rockwell,Marc Maron,Awkwafina,Craig Robinson,as Wolf,as Snake,as Tarantula,as Shark,"https://m.media-amazon.com/images/M/MV5BMTc2NTM3MzE5NF5BMl5BanBnXkFtZTcwMjg4NDMwNA@@._V1_UY317_CR4,0,214,317_AL_.jpg","https://m.media-amazon.com/images/M/MV5BMTUwMjkxMTI5Ml5BMl5BanBnXkFtZTcwNTU0NDAwNA@@._V1_UX214_CR0,0,214,317_AL_.jpg","https://m.media-amazon.com/images/M/MV5BMTU0NTUwNjkyN15BMl5BanBnXkFtZTgwMjM0NzEzMTI@._V1_UY317_CR7,0,214,317_AL_.jpg","https://m.media-amazon.com/images/M/MV5BMTU4MjIyMTU2Nl5BMl5BanBnXkFtZTcwMzExODEyMw@@._V1_UY317_CR30,0,214,317_AL_.jpg",https://www.imdb.com/name/nm2010048/,https://www.imdb.com/name/nm0005377?ref_=tt_cl_t_1,https://www.imdb.com/name/nm0549505?ref_=tt_cl_t_2,https://www.imdb.com/name/nm5377144?ref_=tt_cl_t_3,https://www.imdb.com/name/nm0732497?ref_=tt_cl_t_4,https://imdb.com/title/tt8115900/,"https://m.media-amazon.com/images/M/MV5BMDhkYmU0MzctMWEzNy00ODg1LWI3ZjAtMGZlZjkzNWVmMzVjXkEyXkFqcGdeQXVyMTM1MTE1NDMx._V1_UX140_CR0,0,140,209_AL_.jpg",https://encrypted-tbn0.gstatic.com/images?q=tbn:ANd9GcR5u0SjAjYWvNm3JX9cABlFEmrcB3hZstOYzlSzxG7I3T_spFi2L5oEUzBIrQ&s,https://encrypted-tbn0.gstatic.com/images?q=tbn:ANd9GcQEPJ97tdgyE-BmG9ptnzoh1W2-EH7_VsuOu96WazAqqwAw0XKaJEL_0vg2Pg&s,https://encrypted-tbn0.gstatic.com/images?q=tbn:ANd9GcRuNZFI2ep3YrvLb8xf5BX8MVatMSGGK2VCPJzRcQj2nxawOIaCkZbKhtiXTA&s,https://encrypted-tbn0.gstatic.com/images?q=tbn:ANd9GcQJmAahbqMT4rD4rcvmV09eLMJxKoMb4Q-zSIbDRbzoCfEnHnTw9oYJYcM2bzY&s,https://encrypted-tbn0.gstatic.com/images?q=tbn:ANd9GcR9BXE_Wbwezs2m4YEjdObJll5clMaI32kQLyaANdP_71UhEPdt4Ja3fzFc0g&s
12,12,Jackass Forever,2022,6.9,74,37377,96,"Documentary, Action, Comedy            ","After 11 years, the Jackass crew is back for another crusade.",Jeff Tremaine,Johnny Knoxville,Steve-O,Chris Pontius,Dave England,as Self,as Self,as Self,as Self,"https://m.media-amazon.com/images/M/MV5BMTE5Mjk5OTMxMV5BMl5BanBnXkFtZTYwODMyNDE0._V1_UY317_CR8,0,214,317_AL_.jpg","https://m.media-amazon.com/images/M/MV5BMjIyNTAzOTM2N15BMl5BanBnXkFtZTYwNjE5MDM4._V1_UY317_CR12,0,214,317_AL_.jpg","https://m.media-amazon.com/images/M/MV5BMmNlZjhjODAtYmNjMy00NjRjLTk1YTYtYzIzOTMwZjM3M2YzXkEyXkFqcGdeQXVyODc2Njg3OTQ@._V1_UY317_CR30,0,214,317_AL_.jpg","https://m.media-amazon.com/images/M/MV5BOTIwNDQ2MDYyOV5BMl5BanBnXkFtZTcwNzYyMDkwOA@@._V1_UY317_CR10,0,214,317_AL_.jpg",https://www.imdb.com/name/nm0871860/,https://www.imdb.com/name/nm0424216?ref_=tt_cl_t_1,https://www.imdb.com/name/nm0828177?ref_=tt_cl_t_2,https://www.imdb.com/name/nm0690686?ref_=tt_cl_t_3,https://www.imdb.com/name/nm0257424?ref_=tt_cl_t_4,https://imdb.com/title/tt11466222/,"https://m.media-amazon.com/images/M/MV5BNTdmMDNmYmItOWFmNC00YzdkLWIyZWMtMGRlMTQyZDZmNDU0XkEyXkFqcGdeQXVyMTkxNjUyNQ@@._V1_UY209_CR0,0,140,209_AL_.jpg",https://encrypted-tbn0.gstatic.com/images?q=tbn:ANd9GcTd28ZocBPNlEs4XHTMQYuM9h0f7Yxlj-fXrmxmmW04K2wfAAZ-EfFQLmkyXdc&s,https://encrypted-tbn0.gstatic.com/images?q=tbn:ANd9GcTOY0Aoz4gOIeg2aHasJH5q3m2jI4BxpNe3BG3ob0oqF7Hj6nHxaEI9blkYKA&s,https://encrypted-tbn0.gstatic.com/images?q=tbn:ANd9GcQiOQnUXUmPETHJ9zLZ8nc41MS3XGNIbhCGNsIQBkApbsxZ0veIj2_n2_acDg&s,https://encrypted-tbn0.gstatic.com/images?q=tbn:ANd9GcRsYlR34rxWogjpgzW8avxP0pNLfXC9rRdsq5kivR8RCLvAWpEzeluhm5bWafg&s,https://encrypted-tbn0.gstatic.com/images?q=tbn:ANd9GcR6Uj-VcrsrXUTOvy4UiUh_gwHjRB3nQRFicVlknDuHAEz5u2i6K0ja8-NHTck&s
13,13,The Adam Project,2022,6.7,55,172726,106,"Action, Adventure, Comedy            ","After accidentally crash-landing in 2022, time-traveling fighter pilot Adam Reed teams up with his 12-year-old self for a mission to save the future.",Shawn Levy,Ryan Reynolds,Walker Scobell,Mark Ruffalo,Jennifer Garner,as Big Adam,as Young Adam,as Louis Reed,as Ellie Reed,"https://m.media-amazon.com/images/M/MV5BODFmN2VmZmEtYTRjZi00ZjY1LTgxYjQtODMyNDI3ZDk4ZTJiXkEyXkFqcGdeQXVyMTkxNjUyNQ@@._V1_UY317_CR0,0,214,317_AL_.jpg","https://m.media-amazon.com/images/M/MV5BYjVjYTQ4MDYtYzYxOC00NGYyLWE0YTAtM2Q2YjViYmI4ZTg5XkEyXkFqcGdeQXVyMTI0MDc3MjA0._V1_UY317_CR91,0,214,317_AL_.jpg","https://m.media-amazon.com/images/M/MV5BNWIzZTI1ODUtZTUzMC00NTdiLWFlOTYtZTg4MGZkYmU4YzNlXkEyXkFqcGdeQXVyNTExOTk5Nzg@._V1_UX214_CR0,0,214,317_AL_.jpg","https://m.media-amazon.com/images/M/MV5BNTA4MDgzMTc1Nl5BMl5BanBnXkFtZTcwNjQyMjIwNQ@@._V1_UY317_CR14,0,214,317_AL_.jpg",https://www.imdb.com/name/nm0506613/,https://www.imdb.com/name/nm0005351?ref_=tt_cl_t_1,https://www.imdb.com/name/nm11880640?ref_=tt_cl_t_2,https://www.imdb.com/name/nm0749263?ref_=tt_cl_t_3,https://www.imdb.com/name/nm0004950?ref_=tt_cl_t_4,https://imdb.com/title/tt2463208/,"https://m.media-amazon.com/images/M/MV5BOWM0YWMwMDQtMjE5NS00ZTIwLWE1NWEtODViMWZjMWI2OTU3XkEyXkFqcGdeQXVyMTEyMjM2NDc2._V1_UY209_CR0,0,140,209_AL_.jpg",https://encrypted-tbn0.gstatic.com/images?q=tbn:ANd9GcTpnsw4zznZjXXzRRwudPJjIXUzDT5a0v8X8n6Mj3WitZ7EAyanqOs5de7W5A4&s,https://encrypted-tbn0.gstatic.com/images?q=tbn:ANd9GcTjv-qgypX2ffEhxmdJucC8pTbY0B8pQ_-GR6jJxRDmtsWRMQN9Ia2pA9ncX-c&s,https://encrypted-tbn0.gstatic.com/images?q=tbn:ANd9GcQM5eyoNvypibgWrrxTI_9j9hkdb8ZbnaFlmZJkJWRoMwKte0hXsBEpOMJgjRo&s,https://encrypted-tbn0.gstatic.com/images?q=tbn:ANd9GcSnF8ReEk5chBudMehB2zbW5Ouw6hLprmuIBirr2ruOCxjbNuoYDj8vj7iDfA&s,https://encrypted-tbn0.gstatic.com/images?q=tbn:ANd9GcRm4PD_cNLtfkFkM7IsL-Y3vtAM3dxUKwu3dGaj4mBMz7gyvTv1JOwtaEKOXA&s
14,14,Fresh,2022,6.7,67,40520,114,"Comedy, Horror, Thriller            ",The horrors of modern dating seen through one young woman's defiant battle to survive her new boyfriend's unusual appetites.,Mimi Cave,Daisy Edgar-Jones,Sebastian Stan,Jojo T. Gibbs,Andrea Bang,as Noa,as Steve,as Mollie,as Penny,"https://m.media-amazon.com/images/M/MV5BZWMzNTE4NTMtYWU0My00ZTQ5LWEyNmUtNjk4NmU0YjY3YmIzXkEyXkFqcGdeQXVyODU0OTkyNTk@._V1_UY317_CR20,0,214,317_AL_.jpg","https://m.media-amazon.com/images/M/MV5BNTk2OGU4NzktODhhOC00Nzc2LWIyNzYtOWViMjljZGFiNTMxXkEyXkFqcGdeQXVyMTE1NTQwOTk@._V1_UY317_CR15,0,214,317_AL_.jpg","https://m.media-amazon.com/images/M/MV5BYmI2YjUzYjktM2RkMC00MjEyLWIxMjAtYjRmMWIyN2I4OTNiXkEyXkFqcGdeQXVyMTI2Nzk3NzI4._V1_UY317_CR14,0,214,317_AL_.jpg","https://m.media-amazon.com/images/M/MV5BMTcxNDU4MTM1Ml5BMl5BanBnXkFtZTgwNjg3MTU0MDI@._V1_UX214_CR0,0,214,317_AL_.jpg",https://www.imdb.com/name/nm6470216/,https://www.imdb.com/name/nm8402992?ref_=tt_cl_t_1,https://www.imdb.com/name/nm1659221?ref_=tt_cl_t_2,https://www.imdb.com/name/nm6851510?ref_=tt_cl_t_3,https://www.imdb.com/name/nm4490375?ref_=tt_cl_t_4,https://imdb.com/title/tt13403046/,"https://m.media-amazon.com/images/M/MV5BZTgxMGQ2ZDctYWY4Yy00YTI4LWIxMmYtOWViMGI5ZDIwMmFiXkEyXkFqcGdeQXVyMTAyMjQ3NzQ1._V1_UX140_CR0,0,140,209_AL_.jpg",https://encrypted-tbn0.gstatic.com/images?q=tbn:ANd9GcTgY8nNQw8F4-OCvkhg7Hmz-RgtlYfvTQHuTv7AubKj8OpqF04evJmn6fHggFY&s,https://encrypted-tbn0.gstatic.com/images?q=tbn:ANd9GcSll4mZgCFiwC3ez-MpeiKERG13oXnlsv8871i8W9PhgPwArrIsMEuYUZRXm1o&s,https://encrypted-tbn0.gstatic.com/images?q=tbn:ANd9GcSCTi__Vz-yMo92o69eWzbzNURajLSGBGc3t83N4hvm5fYn_unohKKbhWuE1iM&s,https://encrypted-tbn0.gstatic.com/images?q=tbn:ANd9GcQdj9gFAFGnBV8kfJZbbgFERG0O1IE5EPsUrFe-NbbIfcbefp-e24EGojk72A&s,https://encrypted-tbn0.gstatic.com/images?q=tbn:ANd9GcT4283Xf1hyt_ah6wEldipyi4x5QRmI9Jrka4JN6v-XbKlryVaUzoY63XNftJc&s
15,15,Sonic the Hedgehog 2,2022,6.6,47,45252,122,"Action, Adventure, Comedy            ","When the manic Dr Robotnik returns to Earth with a new ally, Knuckles the Echidna, Sonic and his new friend Tails is all that stands in their way.",Jeff Fowler,James Marsden,Jim Carrey,Ben Schwartz,Tika Sumpter,as Tom Wachowski,as Dr. Robotnik,as Sonic,as Maddie Wachowski,"https://m.media-amazon.com/images/M/MV5BMTQyOTUzNjc0MF5BMl5BanBnXkFtZTcwNTYyMDYzMw@@._V1_UX214_CR0,0,214,317_AL_.jpg","https://m.media-amazon.com/images/M/MV5BMTQwMjAwNzI0M15BMl5BanBnXkFtZTcwOTY1MTMyOQ@@._V1_UY317_CR22,0,214,317_AL_.jpg","https://m.media-amazon.com/images/M/MV5BYzlkZDE3NjktNDNjOC00YWFjLTg3NTAtMWVmZDlmYmY2NGI3XkEyXkFqcGdeQXVyMjQwMDg0Ng@@._V1_UX214_CR0,0,214,317_AL_.jpg","https://m.media-amazon.com/images/M/MV5BOGZjOWM0OTUtOWQ5ZS00ZWE4LTkwMjYtODg3OWJmYmIyNjI0XkEyXkFqcGdeQXVyMTA3NzU0NDg@._V1_UY317_CR20,0,214,317_AL_.jpg",https://www.imdb.com/name/nm1733778/,https://www.imdb.com/name/nm0005188?ref_=tt_cl_t_1,https://www.imdb.com/name/nm0000120?ref_=tt_cl_t_2,https://www.imdb.com/name/nm2355635?ref_=tt_cl_t_3,https://www.imdb.com/name/nm1754366?ref_=tt_cl_t_4,https://imdb.com/title/tt12412888/,"https://m.media-amazon.com/images/M/MV5BMGI1NjA1MjUtNGQxNC00NDYyLThjODgtZjFkZjQ4OGM0NDc5XkEyXkFqcGdeQXVyMTM0NTUzNDIy._V1_UX140_CR0,0,140,209_AL_.jpg",https://encrypted-tbn0.gstatic.com/images?q=tbn:ANd9GcSduoPNKOe450gwdhSDu15ZWYOw_g8qh7Y1qIplYUah0rwHfg7yE0SVMCQIPA&s,https://encrypted-tbn0.gstatic.com/images?q=tbn:ANd9GcTz_2UY2Gj7lZF-oZyHREFZ43_Z-AfdbvPuHGWgCPCFADqXcJVwhRDvEQr_5DA&s,https://encrypted-tbn0.gstatic.com/images?q=tbn:ANd9GcSjJLdiwWdqo2uCFhxtcjkQEuiL-5I_28vwxFpCFeBSybIVdR5Xep5yHn8mCB0&s,https://encrypted-tbn0.gstatic.com/images?q=tbn:ANd9GcQxcKUAYEsLIHqtyUUTr3O9ODiOOKM5CCJZoAnB-aMN9uBUHicOi34397mXSaI&s,https://encrypted-tbn0.gstatic.com/images?q=tbn:ANd9GcS6kOtqqE8-G8V2VOnp2E1u1CnFt36AGXFGJFR0Rh8h95yMb-Vb2_h0SWCL5A&s
16,16,Dog,2022,6.5,61,21890,101,"Comedy, Drama            ",Two former Army Rangers are paired against their will on the road trip of a lifetime. Briggs (Channing Tatum) and Lulu (a Belgian Malinois) race down the Pacific Coast to get to a fellow soldier's funeral on time.,Reid Carolin,Channing Tatum,Ryder McLaughlin,Aavi Haas,Luke Forbes,as Jackson Briggs,as Deli Teenager,as Deli Manager,as Ranger Jones,"https://m.media-amazon.com/images/M/MV5BMTUyOTc2NTEwNV5BMl5BanBnXkFtZTgwNDgxMjMxNjE@._V1_UY317_CR59,0,214,317_AL_.jpg","https://m.media-amazon.com/images/M/MV5BMjM0NDE5MzAwOV5BMl5BanBnXkFtZTgwNzYwNjAzNjM@._V1_UX214_CR0,0,214,317_AL_.jpg","https://m.media-amazon.com/images/M/MV5BNTY2ODcyMTItZDVjMi00OGRlLTgwZTMtZThjN2YwNGUxMDU0XkEyXkFqcGdeQXVyNjA3NDA3OTg@._V1_UX214_CR0,0,214,317_AL_.jpg","https://m.media-amazon.com/images/M/MV5BOGM1MjkzZTUtYmEwMC00ZWM0LWI5OTYtM2JjM2RiZDM5MTE1XkEyXkFqcGdeQXVyMjM1NTAyNTI@._V1_UY317_CR290,0,214,317_AL_.jpg",https://www.imdb.com/name/nm1730221/,https://www.imdb.com/name/nm1475594?ref_=tt_cl_t_1,https://www.imdb.com/name/nm9208180?ref_=tt_cl_t_2,https://www.imdb.com/name/nm3590810?ref_=tt_cl_t_3,https://www.imdb.com/name/nm4380467?ref_=tt_cl_t_4,https://imdb.com/title/tt11252248/,"https://m.media-amazon.com/images/M/MV5BYjA2MDM2YjctYzNhNC00NGEzLWFmYWEtODExODFkNmUyOGE2XkEyXkFqcGdeQXVyODk2NDQ3MTA@._V1_UY209_CR0,0,140,209_AL_.jpg",https://encrypted-tbn0.gstatic.com/images?q=tbn:ANd9GcSJuEXmTSKR9l58eXylbu8B1sjphPPZSH1M5BMYmwVrVaUergeQa7XfcG6rKZk&s,https://encrypted-tbn0.gstatic.com/images?q=tbn:ANd9GcSPb0n2CBToQ-hK9855xO1hAcIariO0Ivm45Wkh0z48nyScTpC6R4rPhLlXdZQ&s,https://encrypted-tbn0.gstatic.com/images?q=tbn:ANd9GcSFhiWD9Bp7SXM_HP8_TlWzuvs7MF-mPYa7LV0h8Q7Gy6ii7TjuJikwKWaZTOE&s,https://encrypted-tbn0.gstatic.com/images?q=tbn:ANd9GcTdurFOqrSLe1EoVXwvxumBz4qBQhzLXXTfUeQFyJ6xMyWGcmOC_RmvRYXscLs&s,https://encrypted-tbn0.gstatic.com/images?q=tbn:ANd9GcTagma-A-PkMPXrzZbn5akRb2lTiiBJSRRHDkDEgtKrddZbNAxXwpTGwXLvwD8&s
17,17,Uncharted,2022,6.4,45,132074,116,"Action, Adventure            ","Street-smart Nathan Drake is recruited by seasoned treasure hunter Victor ""Sully"" Sullivan to recover a fortune amassed by Ferdinand Magellan, and lost 500 years ago by the House of Moncada.",Ruben Fleischer,Tom Holland,Mark Wahlberg,Antonio Banderas,Sophia Ali,as Nathan Drake,as Victor Sullivan,as Santiago Moncada,as Chloe Frazer,"https://m.media-amazon.com/images/M/MV5BNzZiNTEyNTItYjNhMS00YjI2LWIwMWQtZmYwYTRlNjMyZTJjXkEyXkFqcGdeQXVyMTExNzQzMDE0._V1_UX214_CR0,0,214,317_AL_.jpg","https://m.media-amazon.com/images/M/MV5BMTU0MTQ4OTMyMV5BMl5BanBnXkFtZTcwMTQxOTY1NA@@._V1_UY317_CR14,0,214,317_AL_.jpg","https://m.media-amazon.com/images/M/MV5BMTUyOTQ3NTYyNF5BMl5BanBnXkFtZTcwMTY2NjIzNQ@@._V1_UX214_CR0,0,214,317_AL_.jpg","https://m.media-amazon.com/images/M/MV5BNzAyMGZhYTYtMDQ3MS00ZDc4LWE3NjctMzI4Y2JiYjlkNmY5XkEyXkFqcGdeQXVyMjQwMDg0Ng@@._V1_UY317_CR52,0,214,317_AL_.jpg",https://www.imdb.com/name/nm0281508/,https://www.imdb.com/name/nm4043618?ref_=tt_cl_t_1,https://www.imdb.com/name/nm0000242?ref_=tt_cl_t_2,https://www.imdb.com/name/nm0000104?ref_=tt_cl_t_3,https://www.imdb.com/name/nm1496115?ref_=tt_cl_t_4,https://imdb.com/title/tt1464335/,"https://m.media-amazon.com/images/M/MV5BMWEwNjhkYzYtNjgzYy00YTY2LThjYWYtYzViMGJkZTI4Y2MyXkEyXkFqcGdeQXVyNTM0OTY1OQ@@._V1_UY209_CR0,0,140,209_AL_.jpg",https://encrypted-tbn0.gstatic.com/images?q=tbn:ANd9GcS00hr2rMUHgajf824SxU62uPC1FaDOj53n4XQvICHlTPQmRg2bCCaQX1HJRg&s,https://encrypted-tbn0.gstatic.com/images?q=tbn:ANd9GcQjmphkncLuPQPK6wguste_wGX3TC-8mkQdumLTJdgxeLM_7mjvFHZ8OMa0oag&s,https://encrypted-tbn0.gstatic.com/images?q=tbn:ANd9GcSF2zHeAH3C4557ULy-D7P_ha3kvPdfdur64QyKQMKhaV4Z7G5X4oZPO2NM5w&s,https://encrypted-tbn0.gstatic.com/images?q=tbn:ANd9GcSGqkilvJgC36lNm2aS4U7mDmEbrQvJwrq4JqRTryK3eyMVNpHOhkbbKvfn26o&s,https://encrypted-tbn0.gstatic.com/images?q=tbn:ANd9GcQ59Zz29UKK2yCUer5wC9L6j0R1GlZXRXrKiWrmUclGbL0DHCV1XXdmuiUKQCo&s
18,18,Scream,2022,6.4,60,92979,114,"Horror, Mystery, Thriller            ","25 years after a streak of brutal murders shocked the quiet town of Woodsboro, Calif., a new killer dons the Ghostface mask and begins targeting a group of teenagers to resurrect secrets from the town's deadly past.",Matt Bettinelli-Olpin,Neve Campbell,Courteney Cox,David Arquette,Melissa Barrera,as Sidney Prescott,as Gale Weathers,as Dewey Riley,as Sam Carpenter,"https://m.media-amazon.com/images/M/MV5BODc1MDdlZGQtMmYyNC00ZWRiLTlmYWMtNDNhYTU0YTI4YjlmXkEyXkFqcGdeQXVyMTIzMDcyMzA@._V1_UY317_CR17,0,214,317_AL_.jpg","https://m.media-amazon.com/images/M/MV5BMTA4OTczNDExNDNeQTJeQWpwZ15BbWU3MDUyNTIzMTM@._V1_UY317_CR7,0,214,317_AL_.jpg","https://m.media-amazon.com/images/M/MV5BMjEzODYyNjg3NV5BMl5BanBnXkFtZTcwMzYwOTgyNg@@._V1_UY317_CR15,0,214,317_AL_.jpg","https://m.media-amazon.com/images/M/MV5BNjg4OTgxMTctZDI0MC00ODY4LWEzNmItZjAwNjQ0NGQ1NDQxXkEyXkFqcGdeQXVyNzYyMTMyODk@._V1_UY317_CR2,0,214,317_AL_.jpg",https://www.imdb.com/name/nm2366012/,https://www.imdb.com/name/nm0000117?ref_=tt_cl_t_1,https://www.imdb.com/name/nm0001073?ref_=tt_cl_t_2,https://www.imdb.com/name/nm0000274?ref_=tt_cl_t_3,https://www.imdb.com/name/nm4574440?ref_=tt_cl_t_4,https://imdb.com/title/tt11245972/,"https://m.media-amazon.com/images/M/MV5BYjExYTcwYmYtMWY2Zi00MGJlLTk3YjUtZTU1Zjg4MDc0Y2FjXkEyXkFqcGdeQXVyODE5NzE3OTE@._V1_UY209_CR0,0,140,209_AL_.jpg",https://encrypted-tbn0.gstatic.com/images?q=tbn:ANd9GcTwCuDRHtDGDeIF3le90KlHSNGKqghCBybt9crlbiYboLR3ruxgfqAPWemI2w&s,https://encrypted-tbn0.gstatic.com/images?q=tbn:ANd9GcQPK9g4nSgbEWAfJrgg-kHdwipK50NKPSaErKKomb_kB_irzpy85w1OU61Q95I&s,https://encrypted-tbn0.gstatic.com/images?q=tbn:ANd9GcRvUJ3Dzgr5scp5OQCGHN3KeonfGDftI-ZIpR6oteUVdCkfcm7uLILL9Lir3g&s,https://encrypted-tbn0.gstatic.com/images?q=tbn:ANd9GcSV_G_vqrostWGbdNqqwwJPUyKsb7RJHYPSG47CODWcbrmeCpJo4_yI6MLfXA&s,https://encrypted-tbn0.gstatic.com/images?q=tbn:ANd9GcS8CvtAShULCccKo_rBQ8TjJG8g5qouMWjcoOmMBm6vnPKQSBGRXEgj50A3Kg&s
19,19,Men,2022,6.3,65,8993,100,"Drama, Horror, Sci-Fi            ",A young woman goes on a solo vacation to the English countryside following the death of her ex-husband.,Alex Garland,Jessie Buckley,Rory Kinnear,Paapa Essiedu,Gayle Rankin,as Harper,as Geoffrey,as James,as Riley,"https://m.media-amazon.com/images/M/MV5BNjlmMmQ2MzktMzY3Zi00ZWRiLThiOTAtNDMyYWY2YTBmYzU3XkEyXkFqcGdeQXVyODk4OTc3MTY@._V1_UX214_CR0,0,214,317_AL_.jpg","https://m.media-amazon.com/images/M/MV5BMTQwOTMwMDM5OV5BMl5BanBnXkFtZTcwODQ1MDExOA@@._V1_UY317_CR6,0,214,317_AL_.jpg","https://m.media-amazon.com/images/M/MV5BOTBjNzI1OTItY2YzYS00YTdmLTg5ODktODE1ZjlhMzk1MDc5XkEyXkFqcGdeQXVyMTc5MTI2MzA@._V1_UY317_CR33,0,214,317_AL_.jpg","https://m.media-amazon.com/images/M/MV5BZWZmYTVhMGYtODY2YS00ZTNhLWFmMzgtZjY3NGE1NzhmOGNlXkEyXkFqcGdeQXVyMzA0NDgyMDU@._V1_UX214_CR0,0,214,317_AL_.jpg",https://www.imdb.com/name/nm0307497/,https://www.imdb.com/name/nm2976580?ref_=tt_cl_t_1,https://www.imdb.com/name/nm1239499?ref_=tt_cl_t_2,https://www.imdb.com/name/nm5469396?ref_=tt_cl_t_3,https://www.imdb.com/name/nm4587360?ref_=tt_cl_t_4,https://imdb.com/title/tt13841850/,"https://m.media-amazon.com/images/M/MV5BZGQ2ZDNiMjgtMTNhNS00MjUxLWFkYTMtYTI1OTE0MmQ2MmJkXkEyXkFqcGdeQXVyMTM1MTE1NDMx._V1_UY209_CR0,0,140,209_AL_.jpg",https://encrypted-tbn0.gstatic.com/images?q=tbn:ANd9GcRUV67NP1MJ6DzHN5W5p_dQJzlUkvki8KFjaogpQ0fK0Io2w4EQKoXZ3VDz2Q&s,https://encrypted-tbn0.gstatic.com/images?q=tbn:ANd9GcTfT8u4_QBeo2Nq1IuZcBUGt75dFEIxcal1IFd_mH2xeaepNyORpscgrbHiFws&s,https://encrypted-tbn0.gstatic.com/images?q=tbn:ANd9GcQT77b0lnJg32yWMJ4N-7hw7oqUkJMdcNnlxFF92xK9DOrDsqDLItfi9Q6Zkw&s,https://encrypted-tbn0.gstatic.com/images?q=tbn:ANd9GcTtHBamL6sbEoGSyh9Cnld7SQEUbhdXbhcLL1e5AnJsvDm9bYzPkF_7xnBxqQ&s,https://encrypted-tbn0.gstatic.com/images?q=tbn:ANd9GcSbD-g6gGzVxww7jR5gkrJd6VDLQgEEqd7_dwV7KxRaHTlVJ6X-5vOKzeW4IQ&s
20,20,Death on the Nile,2022,6.3,52,116773,127,"Crime, Drama, Mystery            ","While on vacation on the Nile, Hercule Poirot must investigate the murder of a young heiress.",Kenneth Branagh,Tom Bateman,Annette Bening,Kenneth Branagh,Russell Brand,as Bouc,as Euphemia Bouc,as Hercule Poirot,as Windlesham,"https://m.media-amazon.com/images/M/MV5BOTQ5MmUwNzctNGQwNi00MTdiLThlMmItNWFlMzNlOTQyOTViXkEyXkFqcGdeQXVyMjI4MDI0NTM@._V1_UY317_CR14,0,214,317_AL_.jpg","https://m.media-amazon.com/images/M/MV5BMTc4ODQ1ODM5Ml5BMl5BanBnXkFtZTcwOTU2NDk3OQ@@._V1_UX214_CR0,0,214,317_AL_.jpg","https://m.media-amazon.com/images/M/MV5BMjI0NTQ4Mjk5Ml5BMl5BanBnXkFtZTcwMDc1NjkzNw@@._V1_UY317_CR3,0,214,317_AL_.jpg","https://m.media-amazon.com/images/M/MV5BMTUxMzA2Nzk0N15BMl5BanBnXkFtZTcwMDgwMTEwNQ@@._V1_UY317_CR4,0,214,317_AL_.jpg",https://www.imdb.com/name/nm0000110/,https://www.imdb.com/name/nm5290643?ref_=tt_cl_t_1,https://www.imdb.com/name/nm0000906?ref_=tt_cl_t_2,https://www.imdb.com/name/nm0000110?ref_=tt_cl_t_3,https://www.imdb.com/name/nm1258970?ref_=tt_cl_t_4,https://imdb.com/title/tt7657566/,"https://m.media-amazon.com/images/M/MV5BNjI4ZTQ1OTYtNTI0Yi00M2EyLThiNjMtMzk1MmZlOWMyMDQwXkEyXkFqcGdeQXVyMTEyMjM2NDc2._V1_UY209_CR0,0,140,209_AL_.jpg",https://encrypted-tbn0.gstatic.com/images?q=tbn:ANd9GcRUCbGT_SBvXfEJrqlYBVz7Z9EsHbXT84aSy6xNC2Uf-faFoFQQj0g9d5mkoQ&s,https://encrypted-tbn0.gstatic.com/images?q=tbn:ANd9GcThtuDmapYQ03orTr8kwjm98E_LhTn5omF9-lGoL66ztfCj3jzhNnG6jwx37t4&s,https://encrypted-tbn0.gstatic.com/images?q=tbn:ANd9GcSm8hecrtZtC583dasah19HCqj-SLi-UFfH8UeC_H3wSgOUoFmMTFvuYTakLd4&s,https://encrypted-tbn0.gstatic.com/images?q=tbn:ANd9GcRr9kxFZOh7Md5RZqtOvEgHLceTz9ERe9U9FrTs0Hjyu9l4QcLcxcY_iwBVPJ4&s,https://encrypted-tbn0.gstatic.com/images?q=tbn:ANd9GcT9KaY7yyObBxKAe-pGdMUIuMdTMfpR9nKSF_0sjcmAvzDidsvcScWsSi8I5Yo&s
21,21,Fantastic Beasts: The Secrets of Dumbledore,2022,6.2,47,93077,142,"Action, Adventure, Fantasy            ",Albus Dumbledore assigns Newt and his allies with a mission related to the rising power of Grindelwald.,David Yates,Eddie Redmayne,Jude Law,Ezra Miller,Dan Fogler,as Newt Scamander,as Albus Dumbledore,as Credence Barebone,as Jacob Kowalski,"https://m.media-amazon.com/images/M/MV5BMTU0MjEyNzQyM15BMl5BanBnXkFtZTcwMTc4ODUxOQ@@._V1_UX214_CR0,0,214,317_AL_.jpg","https://m.media-amazon.com/images/M/MV5BMTMwOTg5NTQ3NV5BMl5BanBnXkFtZTcwNzM3MDAzNQ@@._V1_UY317_CR6,0,214,317_AL_.jpg","https://m.media-amazon.com/images/M/MV5BOTQ2YmNlZDEtM2EwNi00N2JhLTk3ZDktMjBmNzYwYWI1OWZmXkEyXkFqcGdeQXVyNjk1MjYyNTA@._V1_UX214_CR0,0,214,317_AL_.jpg","https://m.media-amazon.com/images/M/MV5BODcyOWZlNzEtZmRkMy00NTljLTg0NDctNmI4ZTJlMmVkOTZlXkEyXkFqcGdeQXVyMTE4NTMxNjI@._V1_UY317_CR65,0,214,317_AL_.jpg",https://www.imdb.com/name/nm0946734/,https://www.imdb.com/name/nm1519666?ref_=tt_cl_t_1,https://www.imdb.com/name/nm0000179?ref_=tt_cl_t_2,https://www.imdb.com/name/nm3009232?ref_=tt_cl_t_3,https://www.imdb.com/name/nm0283945?ref_=tt_cl_t_4,https://imdb.com/title/tt4123432/,"https://m.media-amazon.com/images/M/MV5BZGQ1NjQyNDMtNzFlZS00ZGIzLTliMWUtNGJkMGMzNTBjNDg0XkEyXkFqcGdeQXVyMTE1NDI5MDQx._V1_UY209_CR0,0,140,209_AL_.jpg",https://encrypted-tbn0.gstatic.com/images?q=tbn:ANd9GcSzucmROkU7fmGdZqfySdtEu_Zw4FwmP1vG1rcy2i_ZEbu46EsSE3nJ5q8LHg&s,https://encrypted-tbn0.gstatic.com/images?q=tbn:ANd9GcRdpDzdetTvnEEKlMSVMZnjS3c07DgrGuIFBHJa36LtT0cqbKYTt6-bqnSrcg&s,https://encrypted-tbn0.gstatic.com/images?q=tbn:ANd9GcSMHh37Gl9dTqFiA19PcBjXtrhO5yNpqHz_INW_IAXn0r00ZPwv76PGtKBhug&s,https://encrypted-tbn0.gstatic.com/images?q=tbn:ANd9GcRFFlG6GPjVOld4W9sCUBIpqXCcGg8310pSpuZteZtwDUytKvrCA8CRVQ9DdQ&s,https://encrypted-tbn0.gstatic.com/images?q=tbn:ANd9GcR9NQgxoM4Z1POHYrrX1aTHhkQJQzZ98lCv02PoPtcz8AcPNNLNsdPgoU8s54c&s
22,22,The Lost City,2022,6.2,60,65501,112,"Action, Adventure, Comedy            ",A reclusive romance novelist on a book tour with her cover model gets swept up in a kidnapping attempt that lands them both in a cutthroat jungle adventure.,Aaron Nee,Sandra Bullock,Channing Tatum,Daniel Radcliffe,Da'Vine Joy Randolph,as Loretta Sage,as Alan,as Abigail Fairfax,as Beth Hatten,"https://m.media-amazon.com/images/M/MV5BMTI5NDY5NjU3NF5BMl5BanBnXkFtZTcwMzQ0MTMyMw@@._V1_UY317_CR1,0,214,317_AL_.jpg","https://m.media-amazon.com/images/M/MV5BMTUyOTc2NTEwNV5BMl5BanBnXkFtZTgwNDgxMjMxNjE@._V1_UY317_CR59,0,214,317_AL_.jpg","https://m.media-amazon.com/images/M/MV5BZmE0NzNiNzQtYTVlYS00MjljLWE4MTgtYzYxNjU2NjZkM2M4XkEyXkFqcGdeQXVyNjY5NDgzNjQ@._V1_UX214_CR0,0,214,317_AL_.jpg","https://m.media-amazon.com/images/M/MV5BMTk0NTQ1ODcwNV5BMl5BanBnXkFtZTcwOTE0MjUyOQ@@._V1_UY317_CR1,0,214,317_AL_.jpg",https://www.imdb.com/name/nm1887480/,https://www.imdb.com/name/nm0000113?ref_=tt_cl_t_1,https://www.imdb.com/name/nm1475594?ref_=tt_cl_t_2,https://www.imdb.com/name/nm0705356?ref_=tt_cl_t_3,https://www.imdb.com/name/nm5007768?ref_=tt_cl_t_4,https://imdb.com/title/tt13320622/,"https://m.media-amazon.com/images/M/MV5BMmIwYzFhODAtY2I1YS00ZDdmLTkyYWQtZjI5NDIwMDc2MjEyXkEyXkFqcGdeQXVyODk4OTc3MTY@._V1_UY209_CR0,0,140,209_AL_.jpg",https://encrypted-tbn0.gstatic.com/images?q=tbn:ANd9GcR7qEwhmNMrcvdLaG0f9XEmw5iZMavtfk_dOwSjmfcVgVyXsdBflErYezf0ug&s,https://encrypted-tbn0.gstatic.com/images?q=tbn:ANd9GcRsuSrgdXu0KzByPaaZ_JlPsl31uRM9qGMMK70UGvwhns-9sJfDEm_Foirupr4&s,https://encrypted-tbn0.gstatic.com/images?q=tbn:ANd9GcTGRFqmqt23VVs5G0EaL4-vBDhwBqrv3nQL1r2C2H_V9QK71x6zNUtdoGZzUg&s,https://encrypted-tbn0.gstatic.com/images?q=tbn:ANd9GcTlAwI8D_075Rm3W-j7B2GWZmRfjaaVmgh7cC3hkMP_GlZPOuR5DcI-xm5aPdM&s,https://encrypted-tbn0.gstatic.com/images?q=tbn:ANd9GcS_1mjxLRQp5EYmkX-XKvRgT5u51mMmznK9JXVSZgeu9VPOs8LG068bFwdAcGc&s
23,23,Ambulance,2022,6.1,55,46162,136,"Action, Crime, Drama            ",Two robbers steal an ambulance after their heist goes awry.,Michael Bay,Jake Gyllenhaal,Yahya Abdul-Mateen II,Eiza González,Garret Dillahunt,as Danny Sharp,as Will Sharp,as Cam Thompson,as Captain Monroe,"https://m.media-amazon.com/images/M/MV5BNjA0MTU2NDY3MF5BMl5BanBnXkFtZTgwNDU4ODkzMzE@._V1_UX214_CR0,0,214,317_AL_.jpg","https://m.media-amazon.com/images/M/MV5BMzAzZmFmMjAtYTE1Yy00ZWViLWE2YWYtYjUzZWE3MDVlMWIwXkEyXkFqcGdeQXVyMDM2NDM2MQ@@._V1_UY317_CR2,0,214,317_AL_.jpg","https://m.media-amazon.com/images/M/MV5BMTU4MjA5M2EtNmQ2OC00YjdhLWEyYWMtYzdiOTRkZWM3NGM2XkEyXkFqcGdeQXVyMjQwMDg0Ng@@._V1_UY317_CR174,0,214,317_AL_.jpg","https://m.media-amazon.com/images/M/MV5BNGU2YjQ5MGQtMzAyYy00MGM0LWFhYmMtZmYxNjFiZjliYmNjXkEyXkFqcGdeQXVyMjQwMDg0Ng@@._V1_UY317_CR34,0,214,317_AL_.jpg",https://www.imdb.com/name/nm0000881/,https://www.imdb.com/name/nm0350453?ref_=tt_cl_t_1,https://www.imdb.com/name/nm5584344?ref_=tt_cl_t_2,https://www.imdb.com/name/nm2555462?ref_=tt_cl_t_3,https://www.imdb.com/name/nm0226813?ref_=tt_cl_t_4,https://imdb.com/title/tt4998632/,"https://m.media-amazon.com/images/M/MV5BYjUyN2VlZGEtNGEyZC00YjViLTgwYmQtZDJiM2FlOTU3Mjg2XkEyXkFqcGdeQXVyMjMxOTE0ODA@._V1_UX140_CR0,0,140,209_AL_.jpg",https://encrypted-tbn0.gstatic.com/images?q=tbn:ANd9GcQGzuklFSR9e7vLq6n-7zQ06EsGU1cOTyeXqSR3PgA-bVGbPgquAx9w8iwlPks&s,https://encrypted-tbn0.gstatic.com/images?q=tbn:ANd9GcSEVPIkOmSJFLHwj2noSBWVmDXnEXExmoJEidpdeNQI54f48RYDxvjxeFRRYDg&s,https://encrypted-tbn0.gstatic.com/images?q=tbn:ANd9GcQ6HJvwUioY4hSUeYpVp15H6cRU2y6LyNh5ZFYTWjVqZtEqSv1wKulRvc_9aA&s,https://encrypted-tbn0.gstatic.com/images?q=tbn:ANd9GcSR4Bpcfa9pgfBQ6_IgJ4sHaK2sCAucUpJW7hywQr-3KmNKzyLr-3kLYHN4lw&s,https://encrypted-tbn0.gstatic.com/images?q=tbn:ANd9GcQ2FuWV5G35IzikBi8fKFumxmpelR6NfT0fzibMAKZa6TNczD9WuciEZtqdnv8&s
24,24,All the Old Knives,2022,6.1,62,17338,101,"Mystery, Thriller            ","Two CIA agents and ex-lovers (Chris Pine and Thandiwe Newton) are brought back together years after a failed rescue attempt and forced to blur the lines between profession and passion in this deeply riveting tale of global espionage, moral dilemma and deadly betrayal.",Janus Metz,Goksin Erdemli,Kasia Madera,Chris Pine,Thandiwe Newton,as Turkish Airlines Stewardess,as News Reporter #1,as Henry Pelham,as Celia Harrison,"https://m.media-amazon.com/images/M/MV5BY2Y5Y2JmNTUtODY2My00NGI5LWEyNjgtYTJjZWIxNTI1YWY2XkEyXkFqcGdeQXVyNDEwOTcxOTA@._V1_UY317_CR15,0,214,317_AL_.jpg",,"https://m.media-amazon.com/images/M/MV5BMTM4OTQ4NTU3NV5BMl5BanBnXkFtZTcwNjEwNDU0OQ@@._V1_UX214_CR0,0,214,317_AL_.jpg","https://m.media-amazon.com/images/M/MV5BNjMzNTAxNDUwNV5BMl5BanBnXkFtZTcwMjMyNjI5MQ@@._V1_UY317_CR15,0,214,317_AL_.jpg",https://www.imdb.com/name/nm2178458/,https://www.imdb.com/name/nm12588647?ref_=tt_cl_t_1,https://www.imdb.com/name/nm4371455?ref_=tt_cl_t_2,https://www.imdb.com/name/nm1517976?ref_=tt_cl_t_3,https://www.imdb.com/name/nm0628601?ref_=tt_cl_t_4,https://imdb.com/title/tt3706352/,"https://m.media-amazon.com/images/M/MV5BNTZhNDM0MGItYjIwYS00NTMzLWIxYmUtZjIwM2Q4NDhjY2EyXkEyXkFqcGdeQXVyMTM1MTE1NDMx._V1_UY209_CR1,0,140,209_AL_.jpg",https://encrypted-tbn0.gstatic.com/images?q=tbn:ANd9GcTRbyw3QQ4iKYCIIQik-qNYzs-15DF3kqM9BjJoQlNcCmaxFkH8ViGsYzICBQ&s,https://encrypted-tbn0.gstatic.com/images?q=tbn:ANd9GcS2kwNqRPErAmc0QHB48MYDfBGFervSLijugwojVoi934vTlOEpWPMQKCJq_MQ&s,https://encrypted-tbn0.gstatic.com/images?q=tbn:ANd9GcSJlkWue-nrAAXdJsN8h3HV_DoEpTtuOoDrLFDvYqZwiYjzoBDS40a3K3V7Bw&s,https://encrypted-tbn0.gstatic.com/images?q=tbn:ANd9GcR3aDqkxUa6_vSMq_ObPRwjLcnKGkF7zgHLGCyT61B7MdmsACo4hDMlfvFduw&s,https://encrypted-tbn0.gstatic.com/images?q=tbn:ANd9GcRNfTr89pyvdHMAjZwiJ_urPb3ZbXuaaM83W7zYkDbyJit1RKaNv0e1Xcqhcg&s
25,25,No Exit,2022,6.1,54,19242,95,"Drama, Mystery, Thriller            ","During a blizzard and stranded at an isolated highway rest stop in the mountains, a college student discovers a kidnapped child hidden in a car belonging to one of the people inside.",Damien Power,Havana Rose Liu,Danny Ramirez,David Rysdahl,Mila Harris,as Darby,as Ash,as Lars,as Jay,"https://m.media-amazon.com/images/M/MV5BYjBlMWI0MmMtYzA0ZC00ZDUwLTg5NjMtNjMzYmE0NTBlMTMwXkEyXkFqcGdeQXVyNjUxMjc1OTM@._V1_UY317_CR17,0,214,317_AL_.jpg","https://m.media-amazon.com/images/M/MV5BOWE0MTIyMDctMzgwYi00YWNlLWI3YTgtM2FiYjZiMmVjZWQzXkEyXkFqcGdeQXVyODU3MDE4ODU@._V1_UY317_CR12,0,214,317_AL_.jpg","https://m.media-amazon.com/images/M/MV5BMjhlYjJlMjktMjgyNC00N2MzLWJhZDUtYzliOTIzOTRmZGZjXkEyXkFqcGdeQXVyMjM4NDg2MjQ@._V1_UX214_CR0,0,214,317_AL_.jpg","https://m.media-amazon.com/images/M/MV5BZjMxNjY5ZDItYmYzYi00NDNhLWEyZTItZGU4YjgxNGJiMmM1XkEyXkFqcGdeQXVyMTA0MzIzNDU5._V1_UY317_CR20,0,214,317_AL_.jpg",https://www.imdb.com/name/nm2010936/,https://www.imdb.com/name/nm10023988?ref_=tt_cl_t_1,https://www.imdb.com/name/nm6639989?ref_=tt_cl_t_2,https://www.imdb.com/name/nm3314705?ref_=tt_cl_t_3,https://www.imdb.com/name/nm9176319?ref_=tt_cl_t_4,https://imdb.com/title/tt7550014/,"https://m.media-amazon.com/images/M/MV5BYTc4M2Q2Y2YtMjM0MS00ZTEyLWExYmMtMjEzNjlmNTNjMWYxXkEyXkFqcGdeQXVyODc0OTEyNDU@._V1_UY209_CR0,0,140,209_AL_.jpg",https://encrypted-tbn0.gstatic.com/images?q=tbn:ANd9GcQNjwFHdO-j0lPzDQmemCElDqZnGR0TRw2ORSZsdVI-Yh_D7paf3gPRakNJn-Q&s,https://encrypted-tbn0.gstatic.com/images?q=tbn:ANd9GcTvjYSes--Ac-jQqLIApfqpvBCRjQd09WyyysygcPz-DlBSiwKzHXEYwsLZig&s,https://encrypted-tbn0.gstatic.com/images?q=tbn:ANd9GcSWBgJH7jXKEYwR3uNW3HOEviL_cyvC433GTKBQ7N0aKTtulV-RCA8zoLz5NA&s,https://encrypted-tbn0.gstatic.com/images?q=tbn:ANd9GcT7pFD0Tva15uF3za5rSkxL7cmdzdEugT07zg4L9gcenZvSZX57DoEhEpSoEDI&s,https://encrypted-tbn0.gstatic.com/images?q=tbn:ANd9GcRfoBdIR0-TBIEA80mBPdAf7YOxLfRhdzSWC-JdA-lJ1N6D_jwyeZmjJXxeTw&s
26,26,Jurassic World: Dominion,2022,6.0,38,38113,146,"Action, Adventure, Sci-Fi            ","Four years after the destruction of Isla Nublar, dinosaurs now live--and hunt--alongside humans all over the world. This fragile balance will reshape the future and determine, once and for all, whether human beings are to remain the apex predators on a planet they now share with history's most fearsome creatures in a new Era.",Colin Trevorrow,Chris Pratt,Bryce Dallas Howard,Laura Dern,Sam Neill,as Owen Grady,as Claire Dearing,as Ellie Sattler,as Alan Grant,"https://m.media-amazon.com/images/M/MV5BNDU1NjU0MzA5NF5BMl5BanBnXkFtZTgwNTg5OTY2MjI@._V1_UY317_CR10,0,214,317_AL_.jpg","https://m.media-amazon.com/images/M/MV5BNzExZDkyNWItMDYzNS00MGVlLTllZTctMjYyZGE1MmY0MThhXkEyXkFqcGdeQXVyMDA4NzMyOA@@._V1_UY317_CR20,0,214,317_AL_.jpg","https://m.media-amazon.com/images/M/MV5BMjI3NzY0MDQxMF5BMl5BanBnXkFtZTcwNzMwMzcyNw@@._V1_UX214_CR0,0,214,317_AL_.jpg","https://m.media-amazon.com/images/M/MV5BMjUyMTU0MzA0MF5BMl5BanBnXkFtZTgwNTA4MTQ4NjM@._V1_UX214_CR0,0,214,317_AL_.jpg",https://www.imdb.com/name/nm1119880/,https://www.imdb.com/name/nm0695435?ref_=tt_cl_t_1,https://www.imdb.com/name/nm0397171?ref_=tt_cl_t_2,https://www.imdb.com/name/nm0000368?ref_=tt_cl_t_3,https://www.imdb.com/name/nm0000554?ref_=tt_cl_t_4,https://imdb.com/title/tt8041270/,"https://m.media-amazon.com/images/M/MV5BOTBjMjA4NmYtN2RjMi00YWZlLTliYTktOTIwMmNkYjYxYmE1XkEyXkFqcGdeQXVyODE5NzE3OTE@._V1_UY209_CR2,0,140,209_AL_.jpg",https://encrypted-tbn0.gstatic.com/images?q=tbn:ANd9GcQHbVD5EV7jkVBz08BXw5iNmhK2AJLrYWMLYk-8inTogqlQTD0h-jLtgECPzQ&s,https://encrypted-tbn0.gstatic.com/images?q=tbn:ANd9GcRdMgKT4ova1N8pFSuk_1umVdwj-CzGDi172h0ZqopG_P2Oo67l7RbUtnSf2Is&s,https://encrypted-tbn0.gstatic.com/images?q=tbn:ANd9GcS-4SLsh0YpI5YeUnpBN1xv4ylsGyX0os17Fcup-K6B804nwgkonam8iDvrFg&s,https://encrypted-tbn0.gstatic.com/images?q=tbn:ANd9GcRDWElzmPd149W2nTiDYvBipEOdIkH-t7FD4X62YPBiJ39HDQKuGdXHbNPfBqQ&s,https://encrypted-tbn0.gstatic.com/images?q=tbn:ANd9GcSujTl2_JJT5a23YwoUsk64mEpZxx481obxdwS1OWLLfWF9x68zvTF91EOmqA&s
27,27,Hotel Transylvania: Transformania,2022,6.0,46,27332,87,"Animation, Adventure, Comedy            ","After one experiment, Johnny turns into a monster and everyone else becomes human. Now it has to be seen whether they will be able to reverse this experiment.",Derek Drymon,Andy Samberg,Selena Gomez,Kathryn Hahn,Jim Gaffigan,as Jonathan,as Mavis,as Ericka,as Van Helsing,"https://m.media-amazon.com/images/M/MV5BNDg3NDk3ODI0Ml5BMl5BanBnXkFtZTgwOTE3MTE4NTM@._V1_UY317_CR7,0,214,317_AL_.jpg","https://m.media-amazon.com/images/M/MV5BMjAwNTE2MDMyMl5BMl5BanBnXkFtZTgwMjAyODM3MTI@._V1_UY317_CR12,0,214,317_AL_.jpg","https://m.media-amazon.com/images/M/MV5BMjE1OTcxNDczMl5BMl5BanBnXkFtZTcwMDA1NDcyMQ@@._V1_UY317_CR14,0,214,317_AL_.jpg","https://m.media-amazon.com/images/M/MV5BNjMzNmYzODktNmEyZC00OWQ4LWI4MGUtOWNiYTg0NWNkZjRhXkEyXkFqcGdeQXVyMDM2NDM2MQ@@._V1_UY317_CR131,0,214,317_AL_.jpg",https://www.imdb.com/name/nm0238757/,https://www.imdb.com/name/nm1676221?ref_=tt_cl_t_1,https://www.imdb.com/name/nm1411125?ref_=tt_cl_t_2,https://www.imdb.com/name/nm1063517?ref_=tt_cl_t_3,https://www.imdb.com/name/nm0300712?ref_=tt_cl_t_4,https://imdb.com/title/tt9848626/,"https://m.media-amazon.com/images/M/MV5BYWJmNzRiMWEtNzk3Ni00OGU5LThlMDctYmJhMTA1YzEzNjY4XkEyXkFqcGdeQXVyMTM0NTUzNDIy._V1_UY209_CR0,0,140,209_AL_.jpg",https://encrypted-tbn0.gstatic.com/images?q=tbn:ANd9GcSp8-LA8vNUvDUUoq5nDWlVQArsRGeBjLnZkc5PSrG6ZHiwp8QKm90Q3y8drGA&s,https://encrypted-tbn0.gstatic.com/images?q=tbn:ANd9GcQuAbY5jfollGMPUt69rcpOf2gSO6yKOWTd7GxDlotz1SD9cuZEoteKOEfZee0&s,https://encrypted-tbn0.gstatic.com/images?q=tbn:ANd9GcSjQEND-Zdpr2ILws2vfpnKRAJjtbCKOhl1-5CKADJkUlCEg6D1p3DJiFwP_es&s,https://encrypted-tbn0.gstatic.com/images?q=tbn:ANd9GcRWKzsOXmi_KW0CRc2xd1Gh8v5DMB_TMWV09WaDiOqH5KWpRGyQyK2BlmiNpg&s,https://encrypted-tbn0.gstatic.com/images?q=tbn:ANd9GcQek110-uNNemKEXHc-qhIZaGYa_2rD9H5rPAEHpNumIMgdu5FnvsAVwt3e7g&s
28,28,The Contractor,2022,5.8,52,13570,103,"Action, Thriller            ","A discharged U.S. Special Forces sergeant, James Harper, risks everything for his family when he joins a private contracting organization.",Tarik Saleh,Chris Pine,Gillian Jacobs,Sander Thomas,Toby Dixon,as James Harper,as Brianne,as Jack Harper,as Young James,"https://m.media-amazon.com/images/M/MV5BMTM4OTQ4NTU3NV5BMl5BanBnXkFtZTcwNjEwNDU0OQ@@._V1_UX214_CR0,0,214,317_AL_.jpg","https://m.media-amazon.com/images/M/MV5BMTk5OTc5MTM1OV5BMl5BanBnXkFtZTcwMTU4NDI1NA@@._V1_UY317_CR8,0,214,317_AL_.jpg","https://m.media-amazon.com/images/M/MV5BNzljM2JlMTgtZGU1ZS00MTNkLTkxOWItN2I3Nzg4YjMwMDBmXkEyXkFqcGdeQXVyMTAyNzQyODUx._V1_UX214_CR0,0,214,317_AL_.jpg","https://m.media-amazon.com/images/M/MV5BYjViZjZhZTItM2M3OS00NDg0LTljMTktNTE5ZDdmYzdjNzhmXkEyXkFqcGdeQXVyMjAwODU4ODk@._V1_UY317_CR20,0,214,317_AL_.jpg",https://www.imdb.com/name/nm0757975/,https://www.imdb.com/name/nm1517976?ref_=tt_cl_t_1,https://www.imdb.com/name/nm1843026?ref_=tt_cl_t_2,https://www.imdb.com/name/nm7870704?ref_=tt_cl_t_3,https://www.imdb.com/name/nm11123470?ref_=tt_cl_t_4,https://imdb.com/title/tt10323676/,"https://m.media-amazon.com/images/M/MV5BOWQ3MDg1MTgtMmI4ZC00YjU3LWIyZGEtNmRkNzI0Y2QyN2ExXkEyXkFqcGdeQXVyNzgzODI1OTE@._V1_UY209_CR0,0,140,209_AL_.jpg",https://encrypted-tbn0.gstatic.com/images?q=tbn:ANd9GcR4wGzgw4VuXwJ4t0vATOmcBYOlXPSE2lVg39cWUWlkPyyujT8mg3e0Ufyuhg&s,https://encrypted-tbn0.gstatic.com/images?q=tbn:ANd9GcQRMcWUmz0G13mDJPFGfsnbqcq5QxgjeYRS9jw9jCcpRfI9beJWTNKBYBWB1A&s,https://encrypted-tbn0.gstatic.com/images?q=tbn:ANd9GcQxbcc30Ob8z-SkhQvQ8LUOlToOdDg3XjNPimcC3mOJQFdTPpy5L-94HErxwl4&s,https://encrypted-tbn0.gstatic.com/images?q=tbn:ANd9GcRzQBnJzSuBBUxs-O-s-Ilo3yryAqrQfNXRdsWI2UMB97QeI_1T4hVLzpBD8so&s,https://encrypted-tbn0.gstatic.com/images?q=tbn:ANd9GcSUXsb09cftEZs-PvuXltW-ZCfQashpUVHbe7M0O-n8Ii8ugx4-yLC0Sa-QdWA&s
29,29,Dual,2022,5.8,62,4263,94,"Sci-Fi, Thriller            ","A woman opts for a cloning procedure after she receives a terminal diagnosis but when she recovers her attempts to have her clone decommissioned fail, leading to a court-mandated duel to the death.",Riley Stearns,Karen Gillan,Aaron Paul,Beulah Koale,Theo James,as Sarah,as Trent,as Peter,as Robert Michaels,"https://m.media-amazon.com/images/M/MV5BMTQwMDQ0NDk1OV5BMl5BanBnXkFtZTcwNDcxOTExNg@@._V1_UY317_CR2,0,214,317_AL_.jpg","https://m.media-amazon.com/images/M/MV5BMTY1OTY5NjI5NV5BMl5BanBnXkFtZTcwODA4MjM0OA@@._V1_UX214_CR0,0,214,317_AL_.jpg","https://m.media-amazon.com/images/M/MV5BOTQxM2I3Y2EtZjhmYS00MGU4LWJlNGQtZjU4MmQ5NWUzMzA0XkEyXkFqcGdeQXVyNTE0NjQ1OTk@._V1_UX214_CR0,0,214,317_AL_.jpg","https://m.media-amazon.com/images/M/MV5BODc4ZWI3OWYtMGRhYi00MGJkLThjYWUtYjk3MmU5MTQzOTY2XkEyXkFqcGdeQXVyMTgzNjAyMjM@._V1_UY317_CR12,0,214,317_AL_.jpg",https://www.imdb.com/name/nm2720681/,https://www.imdb.com/name/nm2394794?ref_=tt_cl_t_1,https://www.imdb.com/name/nm0666739?ref_=tt_cl_t_2,https://www.imdb.com/name/nm3872230?ref_=tt_cl_t_3,https://www.imdb.com/name/nm3772243?ref_=tt_cl_t_4,https://imdb.com/title/tt9005184/,"https://m.media-amazon.com/images/M/MV5BZWE4ZWMwOTYtZDkyYi00NWEwLTgyNWYtNWNkNjhlMjBmZTJmXkEyXkFqcGdeQXVyMzQwMTY2Nzk@._V1_UY209_CR0,0,140,209_AL_.jpg",https://encrypted-tbn0.gstatic.com/images?q=tbn:ANd9GcQme6HQmwT8c7pcjSCbbKtz0JcxZbG-r_kLlfsPAD1gJSVcZ5r_7-W4u4S9Fco&s,https://encrypted-tbn0.gstatic.com/images?q=tbn:ANd9GcTqwLWethqT0wmObmXkSXSDG8URA1lW_1gx5j1nLymPV5-NhlULkgydI8b4JrE&s,https://encrypted-tbn0.gstatic.com/images?q=tbn:ANd9GcQdTerjYZhWR9GO5HZzbXKW1aYn1B3-at5DY_4xgIDmp0XstY1xMqpJJU0_TUA&s,https://encrypted-tbn0.gstatic.com/images?q=tbn:ANd9GcT0GFwj0e90FFvh-1QOawOHYFojQOb_vWxB6GFqG0KQ3nc-O5WFugU2SSBJrqs&s,https://encrypted-tbn0.gstatic.com/images?q=tbn:ANd9GcQ-PGDg9I_anGr_0_ZVu9TU97n0zvVDEg3CyS7SN7s_bv_WNHQHvVDOQg78_g&s
30,30,Memory,2022,5.6,41,9538,114,"Action, Thriller            ",An assassin-for-hire finds that he's become a target after he refuses to complete a job for a dangerous criminal organization. A remake of the 2003 Belgian film 'The Memory of a Killer'.,Martin Campbell,Liam Neeson,Guy Pearce,Taj Atwal,Harold Torres,as Alex Lewis,as Special Agent Vincent Serra,as Special Agent Linda Amisted,as Det. Hugo Marquez,"https://m.media-amazon.com/images/M/MV5BMjA1MTQ3NzU1MV5BMl5BanBnXkFtZTgwMDE3Mjg0MzE@._V1_UY317_CR52,0,214,317_AL_.jpg","https://m.media-amazon.com/images/M/MV5BMTgyNzc2NzY3Nl5BMl5BanBnXkFtZTgwNTMzMzAwMjE@._V1_UX214_CR0,0,214,317_AL_.jpg","https://m.media-amazon.com/images/M/MV5BNGJhOTZkZTAtYjA4Mi00NzAxLThhNzYtMjBjZTdkODk5MjQ5XkEyXkFqcGdeQXVyNjQ4ODc5NTY@._V1_UY317_CR25,0,214,317_AL_.jpg","https://m.media-amazon.com/images/M/MV5BN2U2MGYxZTAtZTM5YS00ZjlhLTllNmYtMmE4NjcwYzZhNjFkXkEyXkFqcGdeQXVyMTA3NDY0NjA2._V1_UY317_CR16,0,214,317_AL_.jpg",https://www.imdb.com/name/nm0132709/,https://www.imdb.com/name/nm0000553?ref_=tt_cl_t_1,https://www.imdb.com/name/nm0001602?ref_=tt_cl_t_2,https://www.imdb.com/name/nm4883026?ref_=tt_cl_t_3,https://www.imdb.com/name/nm2386306?ref_=tt_cl_t_4,https://imdb.com/title/tt11827628/,"https://m.media-amazon.com/images/M/MV5BOGI5N2FhNzktZjZlNi00MmRjLWE1MmUtNjRlNzQyOGMzYjNhXkEyXkFqcGdeQXVyMDA4NzMyOA@@._V1_UY209_CR0,0,140,209_AL_.jpg",https://encrypted-tbn0.gstatic.com/images?q=tbn:ANd9GcS1YpdFTeGy9SezFw_7S7ThRDblGeWy-C6fCC1zbUPBy6_WPgi8ZO_SDzez0A&s,https://encrypted-tbn0.gstatic.com/images?q=tbn:ANd9GcR-u06QySVhlUITT4kLN1Odjc9Nz4Zchey3KvI75H7y61j2Zrss5C8uuO7NSA&s,https://encrypted-tbn0.gstatic.com/images?q=tbn:ANd9GcSNuz5EXquaOzb1bA7IneR_h_E9nrzRobluTK4SebQWUYDqjQ1Hg1lE0iaZtw&s,https://encrypted-tbn0.gstatic.com/images?q=tbn:ANd9GcQ0kD0kPfu7dVBNSCA9kS05ZyXBSTX989sQMXBRcA7-feOCKFGFlapvZE7D2w&s,https://encrypted-tbn0.gstatic.com/images?q=tbn:ANd9GcQ2IO7te-fHO79RQ6VMN2wcpJUbM6wPbdviqEMwGyAQ3zXwO0SlBTonkRifS8s&s
31,31,Three Thousand Years of Longing,2022,5.5,57,401,108,"Drama, Fantasy, Romance            ","A lonely scholar, on a trip to Istanbul, discovers a Djinn who offers her three wishes in exchange for his freedom.",George Miller,Tilda Swinton,Idris Elba,Pia Thunderbolt,Berk Ozturk,as Alithea,as The Djinn,as Orhan's Pa,as Semih The Driver,"https://m.media-amazon.com/images/M/MV5BMTM4NzMzMTkwNV5BMl5BanBnXkFtZTcwMzU4MDg1Mw@@._V1_UY317_CR19,0,214,317_AL_.jpg","https://m.media-amazon.com/images/M/MV5BNzEzMTI2NjEyNF5BMl5BanBnXkFtZTcwNTA0OTE4OA@@._V1_UX214_CR0,0,214,317_AL_.jpg","https://m.media-amazon.com/images/M/MV5BYjU0YzA5NGEtNTViYy00YTkzLTgxOGUtNGNhMDYwZDU2NzViXkEyXkFqcGdeQXVyMTA1NjAxMzIw._V1_UY317_CR23,0,214,317_AL_.jpg","https://m.media-amazon.com/images/M/MV5BYWVkN2JiY2MtZDdkMC00ZmRkLWIwODQtNWUzMjgzMjA1MTA1XkEyXkFqcGdeQXVyMjQwMDg0Ng@@._V1_UY317_CR130,0,214,317_AL_.jpg",https://www.imdb.com/name/nm0004306/,https://www.imdb.com/name/nm0842770?ref_=tt_cl_t_1,https://www.imdb.com/name/nm0252961?ref_=tt_cl_t_2,https://www.imdb.com/name/nm12896988?ref_=tt_cl_t_3,https://www.imdb.com/name/nm8424324?ref_=tt_cl_t_4,https://imdb.com/title/tt9198364/,"https://m.media-amazon.com/images/M/MV5BODFjMmVmN2YtOTc5Yy00YWM0LTg0N2ItZDJiNTU5MWMyMDVlXkEyXkFqcGdeQXVyMTkxNjUyNQ@@._V1_UY209_CR0,0,140,209_AL_.jpg",https://encrypted-tbn0.gstatic.com/images?q=tbn:ANd9GcRelIIWLrpGuy-bJociNtSEGX_1I5EZW7cqmJMhvaAM3m7YJpSxCrsXOaPm2Q&s,https://encrypted-tbn0.gstatic.com/images?q=tbn:ANd9GcSwCkIwagkoUWeWnOGLT9DYR3T4YWsefyDWm4Kv1BJOG5AeYi3SkH5gFrb6Fw&s,https://encrypted-tbn0.gstatic.com/images?q=tbn:ANd9GcR4Ps4dajCq0h-t9Kr9t0KGMN5bjt1I7HR-1AQqjXVG05gTILdgr8PISCYGPbs&s,https://encrypted-tbn0.gstatic.com/images?q=tbn:ANd9GcTAVz0WSGFJZWrTDVpVozcmGkGS8SCJcxSE9fTRa00Qi5EiiaztKJ13XcQF7g&s,https://encrypted-tbn0.gstatic.com/images?q=tbn:ANd9GcQuJb6_BULGf6vkMVDDpADl1ZZ7Uhnvj5lLg5WfLmCNaAswYvHTcbcRqKZRNQ&s
32,32,Deep Water,2022,5.4,53,37537,115,"Drama, Mystery, Thriller            ",A well-to-do husband who allows his wife to have affairs in order to avoid a divorce becomes a prime suspect in the disappearance of her lovers.,Adrian Lyne,Ben Affleck,Ana de Armas,Tracy Letts,Grace Jenkins,as Vic,as Melinda,as Don Wilson,as Trixie,"https://m.media-amazon.com/images/M/MV5BMzczNzNiMDAtMmUzZS00MTkwLWIwOTYtNmYyNjg3MTVkNThhXkEyXkFqcGdeQXVyMjA4MjI5MTA@._V1_UY317_CR12,0,214,317_AL_.jpg","https://m.media-amazon.com/images/M/MV5BMWM3MDMzNjMtODM5Ny00YmY0LWJhNzQtNTE1ZDNlNjllNDQ0XkEyXkFqcGdeQXVyODkzNTgxMDg@._V1_UY317_CR130,0,214,317_AL_.jpg","https://m.media-amazon.com/images/M/MV5BNzQ4Mjc1NTU0OV5BMl5BanBnXkFtZTgwMTUxMjg0NzE@._V1_UY317_CR20,0,214,317_AL_.jpg","https://m.media-amazon.com/images/M/MV5BZTEwMzcwNzYtMmQ5ZC00Y2YwLTg5YjMtZTA2N2RmMDk2ZGVhXkEyXkFqcGdeQXVyMTA5NDM3NDQ1._V1_UX214_CR0,0,214,317_AL_.jpg",https://www.imdb.com/name/nm0001490/,https://www.imdb.com/name/nm0000255?ref_=tt_cl_t_1,https://www.imdb.com/name/nm1869101?ref_=tt_cl_t_2,https://www.imdb.com/name/nm0504832?ref_=tt_cl_t_3,https://www.imdb.com/name/nm11096472?ref_=tt_cl_t_4,https://imdb.com/title/tt2180339/,"https://m.media-amazon.com/images/M/MV5BNTE1M2NjNDgtYjQ2Ny00YTMzLWJiYWQtMTdmM2Q2YjA1MDg1XkEyXkFqcGdeQXVyODk4OTc3MTY@._V1_UY209_CR0,0,140,209_AL_.jpg",https://encrypted-tbn0.gstatic.com/images?q=tbn:ANd9GcScoIztvu23KdWh5FmdgtxJRsFWlYpvNmIiKOYZutbTKJU3zjUFPHYktmzDLWs&s,https://encrypted-tbn0.gstatic.com/images?q=tbn:ANd9GcT3ssvmfjPMgeZpwxBPIe7dzLAmGsZPZzKT0HCQQDwO3VlritlhmqIw0KZ4pUk&s,https://encrypted-tbn0.gstatic.com/images?q=tbn:ANd9GcSbOkD5X6D0R-BVzcjyTRUUcrQsjNHuP1Sc5YAMA5VGikWT_oaBxRXpYv8jANg&s,https://encrypted-tbn0.gstatic.com/images?q=tbn:ANd9GcQz5k9uP-bGsIJ7GCe7IrVeAVLLwZBCCaQCEJU3s222WZSuXh2Lg7aeV6dcy0E&s,https://encrypted-tbn0.gstatic.com/images?q=tbn:ANd9GcSHslwpnQBYRVjYsycND-Gvcc2-hV8ZDRqlO-pAb5hiVz4kIsIXSf2DQ1AM8g&s
33,33,The 355,2022,5.4,40,23648,122,"Action, Thriller            ","When a top-secret weapon falls into mercenary hands, a wild card CIA agent joins forces with three international agents on a lethal mission to retrieve it, while staying a step ahead of a mysterious woman who's tracking their every move.",Simon Kinberg,Jessica Chastain,Penélope Cruz,Bingbing Fan,Diane Kruger,as Mace,as Graciela Rivera,as Lin Mi Sheng,as Marie Schmidt,"https://m.media-amazon.com/images/M/MV5BMTU1MDM5NjczOF5BMl5BanBnXkFtZTcwOTY2MDE4OA@@._V1_UX214_CR0,0,214,317_AL_.jpg","https://m.media-amazon.com/images/M/MV5BMTM0Mzc1MTc2OF5BMl5BanBnXkFtZTcwMzE4MzQxMw@@._V1_UX214_CR0,0,214,317_AL_.jpg","https://m.media-amazon.com/images/M/MV5BMTQzMjcyNjk5NF5BMl5BanBnXkFtZTcwNDIzOTc0OQ@@._V1_UY317_CR2,0,214,317_AL_.jpg","https://m.media-amazon.com/images/M/MV5BMTM3MzY0Nzk2Ml5BMl5BanBnXkFtZTcwODQ0MTMyMw@@._V1_UY317_CR1,0,214,317_AL_.jpg",https://www.imdb.com/name/nm1334526/,https://www.imdb.com/name/nm1567113?ref_=tt_cl_t_1,https://www.imdb.com/name/nm0004851?ref_=tt_cl_t_2,https://www.imdb.com/name/nm1549063?ref_=tt_cl_t_3,https://www.imdb.com/name/nm1208167?ref_=tt_cl_t_4,https://imdb.com/title/tt8356942/,"https://m.media-amazon.com/images/M/MV5BNzk4MDZhNTctMDA3OC00ODdkLWIyOWYtN2M0MzA3MDY5NDk1XkEyXkFqcGdeQXVyMTkxNjUyNQ@@._V1_UX140_CR0,0,140,209_AL_.jpg",https://encrypted-tbn0.gstatic.com/images?q=tbn:ANd9GcTsxNEvlikVVN680M0ju6kN4YW2gWC9rL2GPiEyFfYPdLUmn0mtjyDFBos6OyE&s,https://encrypted-tbn0.gstatic.com/images?q=tbn:ANd9GcQNuGP0tuvuswT1TYi6UfGuV-PMQDTaPpUUGgZVvBBUYr9aT2IK1IfEmGHVTLk&s,https://encrypted-tbn0.gstatic.com/images?q=tbn:ANd9GcSG8v42RSdB5P-JhdtX74aLrQ1tG41Nky2LJXk2EOAjzk4hD3BXMlf1_hWZZg&s,https://encrypted-tbn0.gstatic.com/images?q=tbn:ANd9GcSRDTKVxRzYmsc_CWZdo3_vqSEPDea3cxPr2218rWF6ipPCRT8C5h4CpaHRhBM&s,https://encrypted-tbn0.gstatic.com/images?q=tbn:ANd9GcR_3qdd3K8C4KbMFKtSTiJzg980YK8HZn80AyFG61Gwf-7yszhuZ0oUlLPNql8&s
34,34,Stars at Noon,2022,5.3,63,132,135,"Drama, Romance, Thriller            ","In 1984's Nicaragua, a mysterious English businessman and a headstrong American journalist strike up a romance as they soon become embroiled in a dangerous labyrinth of lies and conspiracies and are forced to try and escape the country.",Claire Denis,Margaret Qualley,Joe Alwyn,Danny Ramirez,Benny Safdie,as Trish,as Daniel,as Costa Rican Cop,as CIA Man,"https://m.media-amazon.com/images/M/MV5BYWZmMDFlMDYtYzk3My00YTg1LTllZWUtYzY2Y2QyNjk2NTZmXkEyXkFqcGdeQXVyMzcxMTAwMDM@._V1_UY317_CR78,0,214,317_AL_.jpg","https://m.media-amazon.com/images/M/MV5BYjVlZjMwODctNTIxNy00ZjgwLWI0NDAtNGY2Y2NhYjI0Mzk3XkEyXkFqcGdeQXVyOTg3MTU2MjU@._V1_UY317_CR20,0,214,317_AL_.jpg","https://m.media-amazon.com/images/M/MV5BOWE0MTIyMDctMzgwYi00YWNlLWI3YTgtM2FiYjZiMmVjZWQzXkEyXkFqcGdeQXVyODU3MDE4ODU@._V1_UY317_CR12,0,214,317_AL_.jpg","https://m.media-amazon.com/images/M/MV5BMzE4Mjg3MTYyM15BMl5BanBnXkFtZTgwODkxOTUxNTM@._V1_UY317_CR11,0,214,317_AL_.jpg",https://www.imdb.com/name/nm0219136/,https://www.imdb.com/name/nm4960279?ref_=tt_cl_t_1,https://www.imdb.com/name/nm7153679?ref_=tt_cl_t_2,https://www.imdb.com/name/nm6639989?ref_=tt_cl_t_3,https://www.imdb.com/name/nm1509478?ref_=tt_cl_t_4,https://imdb.com/title/tt10354106/,"https://m.media-amazon.com/images/M/MV5BMGNkOTI5OTgtZGM0Yi00ZmExLTgzMzctMDkxMDk4MjE4ZTZmXkEyXkFqcGdeQXVyMTAzMDg4NzU0._V1_UY209_CR181,0,140,209_AL_.jpg",https://encrypted-tbn0.gstatic.com/images?q=tbn:ANd9GcQz8a6JQKK1j2CSt-GdZ1N5D363Pq5trsc-yVEnl6laj7qLn0sBO35MQszTgCo&s,https://encrypted-tbn0.gstatic.com/images?q=tbn:ANd9GcSDOQCAMJjeA56CFg0VmUgprYNy7RYV1OfdNbpGLHeMGUXVQwDSPT3IqP5XMw&s,https://encrypted-tbn0.gstatic.com/images?q=tbn:ANd9GcQLm5Tam0bFU7qi3SZ9mEiPum99O1Tca72SxFpilIR5-ibxHFU0h8543DZpWQ&s,https://encrypted-tbn0.gstatic.com/images?q=tbn:ANd9GcRK-LZHgoahmxTfIWkC6OGuNAHX8qOWFQFm88ohHnaixN6Bm2bf-LsrD8Gpj78&s,https://encrypted-tbn0.gstatic.com/images?q=tbn:ANd9GcTYZAEMSHg0dCk1OhxOG8PzPiEdWqAPEBkeMiNuX1vT1hORtbW-Y5HS-zsMtQ&s
35,35,Moonfall,2022,5.2,41,52599,130,"Action, Adventure, Sci-Fi            ",A mysterious force knocks the moon from its orbit and sends it hurtling on a collision course toward earth.,Roland Emmerich,Halle Berry,Patrick Wilson,John Bradley,Charlie Plummer,as Jocinda Fowler,as Brian Harper,as KC Houseman,as Sonny Harper,"https://m.media-amazon.com/images/M/MV5BMjIxNzc5MDAzOV5BMl5BanBnXkFtZTcwMDUxMjMxMw@@._V1_UY317_CR10,0,214,317_AL_.jpg","https://m.media-amazon.com/images/M/MV5BMTkzNzcxNzcxMF5BMl5BanBnXkFtZTgwOTM1ODUzMTE@._V1_UY317_CR1,0,214,317_AL_.jpg","https://m.media-amazon.com/images/M/MV5BOGQyODY2YTUtNTBhYy00NGY1LThlNmItYzkyODBiYjI2YTU3XkEyXkFqcGdeQXVyMTE1MTYxNDAw._V1_UX214_CR0,0,214,317_AL_.jpg","https://m.media-amazon.com/images/M/MV5BN2Q2YjUzOWUtMzYwMy00YTE4LWE0ZmMtZTJkY2YyMDUzMjdlXkEyXkFqcGdeQXVyMjM1Nzk1NTM@._V1_UX214_CR0,0,214,317_AL_.jpg",https://www.imdb.com/name/nm0000386/,https://www.imdb.com/name/nm0000932?ref_=tt_cl_t_1,https://www.imdb.com/name/nm0933940?ref_=tt_cl_t_2,https://www.imdb.com/name/nm4263213?ref_=tt_cl_t_3,https://www.imdb.com/name/nm4055138?ref_=tt_cl_t_4,https://imdb.com/title/tt5834426/,"https://m.media-amazon.com/images/M/MV5BZjk0OWZiN2ItNmQ2YS00NTJmLTg0MjItNzM4NzBkMWM1ZTRlXkEyXkFqcGdeQXVyMjMxOTE0ODA@._V1_UY209_CR3,0,140,209_AL_.jpg",https://encrypted-tbn0.gstatic.com/images?q=tbn:ANd9GcQzVqesx9Rck365xTZF8A_o84jOMrPgtwxZnAMFFZN3_yEhZkYER2KRrZxPxPs&s,https://encrypted-tbn0.gstatic.com/images?q=tbn:ANd9GcQt3USP6WiOibMAfIfTWmaRTUJEAVPKxkb-xY90QmlaO5_ClXCO5aLfghJlMe8&s,https://encrypted-tbn0.gstatic.com/images?q=tbn:ANd9GcSXydY0tivakIGRoUgKV6QxsdLpdlXEVfnL0hjR5pEL-83cl2bq-1qjBnVzRz0&s,https://encrypted-tbn0.gstatic.com/images?q=tbn:ANd9GcSVsdRjBcwpihMel4JA1PFTP_RTAO05-8MjbXbLXihDeSdDsZp21-mmp3Qhq98&s,https://encrypted-tbn0.gstatic.com/images?q=tbn:ANd9GcR0agdOl5ztoi7wrIeMkwJjmfJXe9S18PE4VJ2uyy-VYl3B0secLc4Ee9_-xtw&s
36,36,Morbius,2022,5.1,35,78291,104,"Action, Adventure, Horror            ","Biochemist Michael Morbius tries to cure himself of a rare blood disease, but he inadvertently infects himself with a form of vampirism instead.",Daniel Espinosa,Jared Leto,Matt Smith,Adria Arjona,Jared Harris,as Dr. Michael Morbius,as Milo,as Martine Bancroft,as Dr. Emil Nicholas,"https://m.media-amazon.com/images/M/MV5BMTczMjUwNDUzMF5BMl5BanBnXkFtZTgwNDA4OTAzMTE@._V1_UX214_CR0,0,214,317_AL_.jpg","https://m.media-amazon.com/images/M/MV5BMjE0NzExMTg0MV5BMl5BanBnXkFtZTgwOTIyNTI5NzE@._V1_UY317_CR26,0,214,317_AL_.jpg","https://m.media-amazon.com/images/M/MV5BYzEyNTYxMGEtMGZmYi00NGI0LWExMzUtMjhlMzgwNmJlMmYwXkEyXkFqcGdeQXVyMjQwMDg0Ng@@._V1_UX214_CR0,0,214,317_AL_.jpg","https://m.media-amazon.com/images/M/MV5BODgyOTdjZjAtYmI2MS00ZjdhLTk0NzMtNGRhYjI4NTE3MjBhXkEyXkFqcGdeQXVyMTkxNjUyNQ@@._V1_UY317_CR51,0,214,317_AL_.jpg",https://www.imdb.com/name/nm1174251/,https://www.imdb.com/name/nm0001467?ref_=tt_cl_t_1,https://www.imdb.com/name/nm1741002?ref_=tt_cl_t_2,https://www.imdb.com/name/nm5245722?ref_=tt_cl_t_3,https://www.imdb.com/name/nm0364813?ref_=tt_cl_t_4,https://imdb.com/title/tt5108870/,"https://m.media-amazon.com/images/M/MV5BNTA3N2Q0ZTAtODJjNy00MmQzLWJlMmItOGFmNDI0ODgxN2QwXkEyXkFqcGdeQXVyMTM0NTUzNDIy._V1_UX140_CR0,0,140,209_AL_.jpg",https://encrypted-tbn0.gstatic.com/images?q=tbn:ANd9GcQ9uHeyqv8e6chVYZsnBqxqNkLe2tLFuev1G1-uVuxt2zL2AHi-Xh51WU98wRk&s,https://encrypted-tbn0.gstatic.com/images?q=tbn:ANd9GcRuTj1kGVM3SRpfC7lwZBs_KKn3TamHJZB1ZzqBh9jwMAVQ02fjUY2awXTJ5Q&s,https://encrypted-tbn0.gstatic.com/images?q=tbn:ANd9GcRIel6SGMrf4xe-uPHGx9ttvhKgNEqaVMyulhxZ8NuKhe-7lYiA2F2MdHvRbBU&s,https://encrypted-tbn0.gstatic.com/images?q=tbn:ANd9GcSVgJZeqj-cWDD-Q-uMMffhC8fKaXq8lGVLIBrNtwZvhMDWYx1bD_b98AWjcg&s,https://encrypted-tbn0.gstatic.com/images?q=tbn:ANd9GcSsAfjOtM1OsUTAIkosCesBVIwpRQ7ExMirMy9agKDWiKTEu1eeRBLJb9Vb0w&s
37,37,Texas Chainsaw Massacre,2022,4.8,34,47332,83,"Crime, Horror, Thriller            ","After nearly 50 years of hiding, Leatherface returns to terrorize a group of idealistic young friends who accidentally disrupt his carefully shielded world in a remote Texas town.",David Blue Garcia,Sarah Yarkin,Elsie Fisher,Mark Burnham,Jacob Latimore,as Melody,as Lila,as Leatherface,as Dante,"https://m.media-amazon.com/images/M/MV5BZDIxYjJmMTAtYjAzMy00NmJmLWE5NDgtMTM4OTYyNDE4MGVmXkEyXkFqcGdeQXVyNDc2MjI0ODM@._V1_UX214_CR0,0,214,317_AL_.jpg","https://m.media-amazon.com/images/M/MV5BMTUzODI3MDkwN15BMl5BanBnXkFtZTgwMTMxNTM5NTM@._V1_UX214_CR0,0,214,317_AL_.jpg","https://m.media-amazon.com/images/M/MV5BMThiYzE3NjAtNDExYi00ZjRjLThkNjctZjFhZWU2MGM4ZDYyXkEyXkFqcGdeQXVyMTk3MjQ0NzU@._V1_UY317_CR48,0,214,317_AL_.jpg","https://m.media-amazon.com/images/M/MV5BYzY3ZmViZGItNjliZi00OWUxLWEzZDMtMjJmYmEyMThjZjVkXkEyXkFqcGdeQXVyMjk2NDE3Mjk@._V1_UY317_CR130,0,214,317_AL_.jpg",https://www.imdb.com/name/nm2596725/,https://www.imdb.com/name/nm4712111?ref_=tt_cl_t_1,https://www.imdb.com/name/nm3220568?ref_=tt_cl_t_2,https://www.imdb.com/name/nm0122511?ref_=tt_cl_t_3,https://www.imdb.com/name/nm3632976?ref_=tt_cl_t_4,https://imdb.com/title/tt11755740/,"https://m.media-amazon.com/images/M/MV5BMDU4Yzk1NmUtNDU4OC00YzVmLTgwOTUtYTY2NjNmMjY5YjVmXkEyXkFqcGdeQXVyMTQxNzMzNDI@._V1_UX140_CR0,0,140,209_AL_.jpg",https://encrypted-tbn0.gstatic.com/images?q=tbn:ANd9GcQQF5Tr-dMF7MwQIZm50yxckM5oK2VQesA6AS5zEK5AJ28-Yv9Kbzhm1RDE6qE&s,https://encrypted-tbn0.gstatic.com/images?q=tbn:ANd9GcTPsryDaBZP9vnnUs1zctd86VoWKt-H9VX4yxGXlbH9CSzRydmNwh7nSjWsYVk&s,https://encrypted-tbn0.gstatic.com/images?q=tbn:ANd9GcQjCUOYN5gi0stMnqwaEmNDcs-XEYlAA1rvzhXOcv3DV3exwpWC66RUiYpeWQ&s,https://encrypted-tbn0.gstatic.com/images?q=tbn:ANd9GcTjOCzkrvKmHlUNJDTjr0vnw7KMG1K-v252gytu5YySwB9E5V2ORc-qwPqDZA&s,https://encrypted-tbn0.gstatic.com/images?q=tbn:ANd9GcTyvp0zHytHEtM4YkTtTZccGAyu5QFGGLilpX__0cMO9zugWQQ8zpmCQNBX7g&s
38,38,Blacklight,2022,4.7,27,12548,104,"Action, Thriller            ","Travis Block is a government operative coming to terms with his shadowy past. When he discovers a plot targeting U.S. citizens, Block finds himself in the crosshairs of the FBI director he once helped protect.",Mark Williams,Liam Neeson,Aidan Quinn,Taylor John Smith,Emmy Raver-Lampman,as Travis Block,as Gabriel Robinson,as Dusty Crane,as Mira Jones,"https://m.media-amazon.com/images/M/MV5BMjA1MTQ3NzU1MV5BMl5BanBnXkFtZTgwMDE3Mjg0MzE@._V1_UY317_CR52,0,214,317_AL_.jpg","https://m.media-amazon.com/images/M/MV5BMTYwNTI3NzI5OV5BMl5BanBnXkFtZTcwMDE1NTk0NA@@._V1_UY317_CR4,0,214,317_AL_.jpg","https://m.media-amazon.com/images/M/MV5BNjg2Yjg4ZWUtOThjMi00YzUwLWIyNDAtYTBjMDYyODVkNjQ1XkEyXkFqcGdeQXVyMzI3Mjk2MzY@._V1_UY317_CR20,0,214,317_AL_.jpg","https://m.media-amazon.com/images/M/MV5BMzUzZGRjMzItNGVmOS00MWY3LTgzZGMtMzFkMTc5ODY1MTA0XkEyXkFqcGdeQXVyNzcyNTIzMTA@._V1_UX214_CR0,0,214,317_AL_.jpg",https://www.imdb.com/name/nm0931251/,https://www.imdb.com/name/nm0000553?ref_=tt_cl_t_1,https://www.imdb.com/name/nm0001644?ref_=tt_cl_t_2,https://www.imdb.com/name/nm4973896?ref_=tt_cl_t_3,https://www.imdb.com/name/nm8287501?ref_=tt_cl_t_4,https://imdb.com/title/tt14060094/,"https://m.media-amazon.com/images/M/MV5BY2ViYmNhNzEtZDJhNS00YzM4LTkzZWItZDJiNzc5ZDExOWZmXkEyXkFqcGdeQXVyMDA4NzMyOA@@._V1_UY209_CR0,0,140,209_AL_.jpg",https://encrypted-tbn0.gstatic.com/images?q=tbn:ANd9GcTAIhPkbZsAVM9CVfoYXyoRKVXx_R28fmZ6NzUMwXApN600Zlf5Eu173Z5nnQ&s,https://encrypted-tbn0.gstatic.com/images?q=tbn:ANd9GcRRQvOAR8X0MUecIoZidfBRQ16L7UGTgBJZOnaJUdR1ZDOHj-xVSKhb9R09Y70&s,https://encrypted-tbn0.gstatic.com/images?q=tbn:ANd9GcTsnPeNOjnqSBVEK-3SqTh0HqFfL-l-DFee5xU1cPKp1CLghzcZYVOJ8z_eAQ&s,https://encrypted-tbn0.gstatic.com/images?q=tbn:ANd9GcSvls5Um-R-BKTZTXXEHwZJ7N-ETVZMJDREYPYyQOKFEYxioGgrlKSQ4fTMk8s&s,https://encrypted-tbn0.gstatic.com/images?q=tbn:ANd9GcSULNQIkmqiw3J9cE8pFFfTcx1BEj-s6qaGIsxUy1yqHENFoiQ2lIx-d4DLpxg&s
39,39,Firestarter,2022,4.6,32,10711,94,"Drama, Horror, Sci-Fi            ",A young girl tries to understand how she mysteriously gained the power to set things on fire with her mind.,Keith Thomas,Zac Efron,Ryan Kiera Armstrong,Sydney Lemmon,Michael Greyeyes,as Andy McGee,as Charlie McGee,as Vicky McGee,as Rainbird,"https://m.media-amazon.com/images/M/MV5BMTUxNzY3NzYwOV5BMl5BanBnXkFtZTgwNzQ3Mzc4MTI@._V1_UX214_CR0,0,214,317_AL_.jpg","https://m.media-amazon.com/images/M/MV5BNmIyMzYyOWQtYmI1NC00NTVmLWEyOTItZTU1NzRmNzg0YzczXkEyXkFqcGdeQXVyNzg4NTAxNDA@._V1_UX214_CR0,0,214,317_AL_.jpg","https://m.media-amazon.com/images/M/MV5BYWI0ZDY2ZDEtMDQyYS00MzE3LThhOTEtNzRlNzQ5M2NhYTQ0XkEyXkFqcGdeQXVyNDU5MDAyOTQ@._V1_UX214_CR0,0,214,317_AL_.jpg","https://m.media-amazon.com/images/M/MV5BNDBlODE0NTgtZWRmNS00MTAyLTkwNmUtYmFjMTYwOWFkOTIyXkEyXkFqcGdeQXVyNjc5Mjg0NjU@._V1_UY317_CR131,0,214,317_AL_.jpg",https://www.imdb.com/name/nm8928699/,https://www.imdb.com/name/nm1374980?ref_=tt_cl_t_1,https://www.imdb.com/name/nm8740834?ref_=tt_cl_t_2,https://www.imdb.com/name/nm5517526?ref_=tt_cl_t_3,https://www.imdb.com/name/nm0340729?ref_=tt_cl_t_4,https://imdb.com/title/tt1798632/,"https://m.media-amazon.com/images/M/MV5BMWIzNzA4MmUtYTIzNy00Y2Q5LWIyM2YtZGRiYzM0ZWQzOTU2XkEyXkFqcGdeQXVyMTkxNjUyNQ@@._V1_UX140_CR0,0,140,209_AL_.jpg",https://encrypted-tbn0.gstatic.com/images?q=tbn:ANd9GcQzmjHWwnVgDFS31ZUQGiXyEdeefCW88mOMRuYiNrbUSKwHgo5akZcNWVnQng&s,https://encrypted-tbn0.gstatic.com/images?q=tbn:ANd9GcSnWZvSQ27WVbr5SaVwIKK0E6etXFY1dfBhf1y_GZZt32ynEmI9gf9-qyKJt5A&s,https://encrypted-tbn0.gstatic.com/images?q=tbn:ANd9GcRmx56qMWMdIpqOs_9pyGQ1blOaaP93TIFo_JG3EPi9o-S4NK7krzOuNDImBA&s,https://encrypted-tbn0.gstatic.com/images?q=tbn:ANd9GcTdrGg2FB4QHsHZosa51Q1ViaTHXFAWH_S7tMwGheRqaS3zJWryXJVSprHB7Q&s,https://encrypted-tbn0.gstatic.com/images?q=tbn:ANd9GcRe4oBC9Rt_3XYeTt0O5fTeIP_yFSr9rGmcZmoCQsgQuZZk4h9WQ80rJnxoLg&s
40,40,Lightyear,2022,4.3,61,3391,100,"Animation, Action, Adventure            ","While spending years attempting to return home, marooned Space Ranger Buzz Lightyear encounters an army of ruthless robots commanded by Zurg who are attempting to steal his fuel source.",Angus MacLane,Chris Evans,Keke Palmer,Peter Sohn,Taika Waititi,as Buzz Lightyear,as Izzy Hawthorne,as SOX,as Mo Morrison,"https://m.media-amazon.com/images/M/MV5BMTU2NTg1OTQzMF5BMl5BanBnXkFtZTcwNjIyMjkyMg@@._V1_UY317_CR6,0,214,317_AL_.jpg","https://m.media-amazon.com/images/M/MV5BMjZhYjhjMjgtNzBiYS00MDhhLTg0NDgtZDMyYTdhMTE4MjAxXkEyXkFqcGdeQXVyMTMxMTU5NTU@._V1_UY317_CR1,0,214,317_AL_.jpg","https://m.media-amazon.com/images/M/MV5BMTk0NzcwMzc1MF5BMl5BanBnXkFtZTcwMTY2NjkxOA@@._V1_UY317_CR12,0,214,317_AL_.jpg","https://m.media-amazon.com/images/M/MV5BMzk4MDIzNjcwNV5BMl5BanBnXkFtZTgwMTIyMjgwNDI@._V1_UY317_CR20,0,214,317_AL_.jpg",https://www.imdb.com/name/nm0533691/,https://www.imdb.com/name/nm0262635?ref_=tt_cl_t_1,https://www.imdb.com/name/nm1551130?ref_=tt_cl_t_2,https://www.imdb.com/name/nm0812307?ref_=tt_cl_t_3,https://www.imdb.com/name/nm0169806?ref_=tt_cl_t_4,https://imdb.com/title/tt10298810/,"https://m.media-amazon.com/images/M/MV5BYTg2Zjk0ZTctM2ZmMi00MDRmLWJjOGYtNWM0YjBmZTBjMjRkXkEyXkFqcGdeQXVyMTM1MTE1NDMx._V1_UY209_CR0,0,140,209_AL_.jpg",https://encrypted-tbn0.gstatic.com/images?q=tbn:ANd9GcSR8aqFZfmTMnuSzR7Ci30zs2s0yiGtvKs5vv0egy9EeE2tPk9SMbIufnLH4A&s,https://encrypted-tbn0.gstatic.com/images?q=tbn:ANd9GcRGLeS5NAU-p5typ_2KtDamwzxmb8MXyUZBUjIYWq6crSfQlpwgDdNnT8ZjEr8&s,https://encrypted-tbn0.gstatic.com/images?q=tbn:ANd9GcQBTcAbqoT5UGIT0kg9GpaVBOHpntc20p6nc_LuYmPWg0clPVM1Y8uOAq7xIA&s,https://encrypted-tbn0.gstatic.com/images?q=tbn:ANd9GcT8BoBb5vwJHSzclieojv3QlADCozq6voHSkeNnj4gCpJyYAPIW01ralwRRXZw&s,https://encrypted-tbn0.gstatic.com/images?q=tbn:ANd9GcQeWcMbgswOzV7d_my_nnwIcNxcnm4RqJWs_E01rN8sdJq3u9eyrlRviDfXhA&s
41,41,The Ice Age Adventures of Buck Wild,2022,4.3,30,12417,82,"Animation, Adventure, Comedy            ","The Ice Age Adventures of Buck Wild continues the escapades of the possum brothers Crash and Eddie who set out to find a place of their own. Together with the one-eyed weasel, Buck Wild, they face the dinosaurs who inhabit the Lost World.",John C. Donkin,Utkarsh Ambudkar,Sean Kenin,Jake Green,Aaron Harris,as Orson,as Manny,as Sid,as Eddie,"https://m.media-amazon.com/images/M/MV5BMzg1YzE3NGItYTA3ZS00ZjNiLThjYzktZWQyNmI1OTI5OTQ3XkEyXkFqcGdeQXVyMzk3NTI4NTQ@._V1_UY317_CR10,0,214,317_AL_.jpg","https://m.media-amazon.com/images/M/MV5BNjkyZWFjOWMtMTdiZS00ZDM2LThmNWEtM2Q4ZDllYmJhNmNlXkEyXkFqcGdeQXVyMTQ3NzczOTQ@._V1_UY317_CR20,0,214,317_AL_.jpg","https://m.media-amazon.com/images/M/MV5BOTFiMDFjNjgtYTNjYS00ZTQ4LWJjMDAtZTg5YjBkM2YxNzAwXkEyXkFqcGdeQXVyNDAwNDgxOTY@._V1_UX214_CR0,0,214,317_AL_.jpg","https://m.media-amazon.com/images/M/MV5BYWEwMWNkZTktOTU5NS00MzBiLTk5ZDUtY2VjNGMzZjg5MmUxXkEyXkFqcGdeQXVyMTQ0OTI0MjI3._V1_UY317_CR12,0,214,317_AL_.jpg",https://www.imdb.com/name/nm0232561/,https://www.imdb.com/name/nm2064295?ref_=tt_cl_t_1,https://www.imdb.com/name/nm1039930?ref_=tt_cl_t_2,https://www.imdb.com/name/nm2482007?ref_=tt_cl_t_3,https://www.imdb.com/name/nm13153558?ref_=tt_cl_t_4,https://imdb.com/title/tt13634480/,"https://m.media-amazon.com/images/M/MV5BNDJmMzQyMzAtMzMxMy00NTI3LTgzOGMtZDU3Yzc4MjRjNzkwXkEyXkFqcGdeQXVyMTA1OTcyNDQ4._V1_UY209_CR0,0,140,209_AL_.jpg",https://encrypted-tbn0.gstatic.com/images?q=tbn:ANd9GcQgRCpScDWoCx_CB8K1sGCTTSKbQEHjpVchInw7JJdcQe_Vtgcz0qcfThFKlQ&s,https://encrypted-tbn0.gstatic.com/images?q=tbn:ANd9GcSBx6motCM63KV_bi3vslrPgg_DXVow26LZC3t-yMl3lXApytumOWBaQZhOCQ&s,https://encrypted-tbn0.gstatic.com/images?q=tbn:ANd9GcT-PDMVJthU1m2UmczXm1lj985rh578Kyh1RgVuH6BZ9yLntM8463KBtf_ryDw&s,https://encrypted-tbn0.gstatic.com/images?q=tbn:ANd9GcTHFEcqSTYQH4Nqz6qK_71923_znIQWAmAPuo3VFyoAzjIFvb-UV50DpGGSzg&s,https://encrypted-tbn0.gstatic.com/images?q=tbn:ANd9GcQ2DQ6LFKrA-7gcsXFUYz8D3AdR7_9IfluRUvp3LEQ4Y-0KoCG3yHZbpkUxwQ&s
42,42,Big Gold Brick,2022,3.3,30,772,132,"Comedy, Fantasy            ","Fledgling writer Samuel Liston and his experiences with Floyd Deveraux, the enigmatic middle-aged father of two who enlists Samuel to write his biography",Brian Petsos,Andy Garcia,Emory Cohen,Megan Fox,Lucy Hale,as Floyd Devereaux,as Samuel Liston,as Jacqueline,as Lily,"https://m.media-amazon.com/images/M/MV5BMjM3NDA5NTgxNl5BMl5BanBnXkFtZTgwMzU3NDc4NDE@._V1_UY317_CR20,0,214,317_AL_.jpg","https://m.media-amazon.com/images/M/MV5BYTU4YWQyMjEtNmIzOS00YzhkLWEwODctNzc1MGNmZWY5MzYwXkEyXkFqcGdeQXVyMDYyMDQzNA@@._V1_UY317_CR175,0,214,317_AL_.jpg","https://m.media-amazon.com/images/M/MV5BMTc5MjgyMzk4NF5BMl5BanBnXkFtZTcwODk2OTM4Mg@@._V1_UY317_CR4,0,214,317_AL_.jpg","https://m.media-amazon.com/images/M/MV5BZDE4MGU2ZmEtM2I0NS00YTA3LWE4ZGYtNzkzOTQxY2Y1MzM4XkEyXkFqcGdeQXVyMTc4ODc3MQ@@._V1_UY317_CR130,0,214,317_AL_.jpg",https://www.imdb.com/name/nm2693238/,https://www.imdb.com/name/nm0000412?ref_=tt_cl_t_1,https://www.imdb.com/name/nm1710309?ref_=tt_cl_t_2,https://www.imdb.com/name/nm1083271?ref_=tt_cl_t_3,https://www.imdb.com/name/nm1423955?ref_=tt_cl_t_4,https://imdb.com/title/tt10308878/,"https://m.media-amazon.com/images/M/MV5BN2YyN2UzZjEtODExNy00MjJkLWJmZGYtYmM2OTY3ZDM1MzI4XkEyXkFqcGdeQXVyMjE4NzUxNDA@._V1_UY209_CR2,0,140,209_AL_.jpg",https://encrypted-tbn0.gstatic.com/images?q=tbn:ANd9GcQ2o0Jafd7GAPP5jCOwqf-v25LbMzInOantZNGZ1bYUAc1-g9AuO13oo9Aku4g&s,https://encrypted-tbn0.gstatic.com/images?q=tbn:ANd9GcQPtNNajYf7zv9kOaWiyj6lZ395uG0_aNlvjsIq_2wGs4MuWKB75ufsh5XPQA&s,https://encrypted-tbn0.gstatic.com/images?q=tbn:ANd9GcToHJNk_4Z2g-ix9IUp4JEu0uAgJV9iLadPTUTNQXFddvvPSijebYkrkLGbImY&s,https://encrypted-tbn0.gstatic.com/images?q=tbn:ANd9GcRtg4tUwBUFMLJi7tpzb45FwB4JQ7qjgsFH7MS33zG0kb3_V2uxX-BbiPrauw&s,https://encrypted-tbn0.gstatic.com/images?q=tbn:ANd9GcRJOohFXkt3JVwurRKiUhoz6OwU7YI9LIh0T8kHwg2CceYnGZRjiuyOgKD3yw&s
